source_table,model,accuracy,precision,recall,f1,TP,FP,TN,FN,roc_auc,group,removed_features,delta_vs_full_model,cv_recall_mean,cv_recall_std,cv_f1_mean,cv_auc_mean,variant,name,n_total,n_test,mean_prob,fn_mean_prob,primary_feature,window,n_malicious,n_benign,auc,tp,fp,fn,tn,rank,feature,class,n,mean,std,pct_above_threshold,family,samples_scanned,evasion_detected,evasion_rate_pct,filename,predicted_probability,lf_compression_method,cd_compression_method,method_mismatch,data_entropy_shannon,data_entropy_renyi,declared_vs_entropy_flag,eocd_count,lf_unknown_method,suspicious_entry_count,suspicious_entry_ratio,any_crc_mismatch,is_encrypted,Attack,Strategy,Features Neutralized,Evasion (ML only),Evasion (Hybrid),Residual weakness,attack,parameter,n_decoys,features_neutralized,prob_ml_only,detected_ml_only,evasion_ml_only,prob_hybrid,detected_hybrid,evasion_hybrid,lf_method,cd_method,deflate_level,payload_entropy,format,samples,malicious,benign,cv_recall,cv_recall_ci,file_path,file_size_kb,prediction,prob_benign,prob_malicious,is_false_positive,held_out_family,train_rows,test_positive_rows,test_negative_rows,false_positive_rate,train_dataset,test_dataset,synthetic_mal_mean,synthetic_mal_std,real_mal_mean,real_mal_std,ks_statistic,ks_p_value,mean_abs_diff
table1_baseline_comparison,Rule-based baseline,0.89,0.8792,0.863,0.871,233.0,32.0,325.0,37.0,,,,,,,,,,,,,,,,,,,,,,,,,,,,,,,,,,,,,,,,,,,,,,,,,,,,,,,,,,,,,,,,,,,,,,,,,,,,,,,,,,,,,,,,,,,,,,
table1_baseline_comparison,ZombieGuard LightGBM,1.0,1.0,1.0,1.0,270.0,0.0,357.0,0.0,1.0,,,,,,,,,,,,,,,,,,,,,,,,,,,,,,,,,,,,,,,,,,,,,,,,,,,,,,,,,,,,,,,,,,,,,,,,,,,,,,,,,,,,,,,,,,,,,
table5_feature_ablation,,,,0.9962962962962963,,,,,,,None (full model),---,,,,,,,,,,,,,,,,,,,,,,,,,,,,,,,,,,,,,,,,,,,,,,,,,,,,,,,,,,,,,,,,,,,,,,,,,,,,,,,,,,,,,,,,,,,
table5_feature_ablation,,,,1.0,,,,,,,"Entropy features (4, 5, 6)","data_entropy_shannon, data_entropy_renyi, declared_vs_entropy_flag",0.0037037037037036,,,,,,,,,,,,,,,,,,,,,,,,,,,,,,,,,,,,,,,,,,,,,,,,,,,,,,,,,,,,,,,,,,,,,,,,,,,,,,,,,,,,,,,,,,
table5_feature_ablation,,,,1.0,,,,,,,"Suspicious entry group (3, 9, 10)","method_mismatch, suspicious_entry_count, suspicious_entry_ratio",0.0037037037037036,,,,,,,,,,,,,,,,,,,,,,,,,,,,,,,,,,,,,,,,,,,,,,,,,,,,,,,,,,,,,,,,,,,,,,,,,,,,,,,,,,,,,,,,,,
table5_feature_ablation,,,,0.9962962962962963,,,,,,,"Header method fields (1, 2)","lf_compression_method, cd_compression_method",0.0,,,,,,,,,,,,,,,,,,,,,,,,,,,,,,,,,,,,,,,,,,,,,,,,,,,,,,,,,,,,,,,,,,,,,,,,,,,,,,,,,,,,,,,,,,
table5_feature_ablation,,,,0.9962962962962963,,,,,,,CRC mismatch (11),any_crc_mismatch,0.0,,,,,,,,,,,,,,,,,,,,,,,,,,,,,,,,,,,,,,,,,,,,,,,,,,,,,,,,,,,,,,,,,,,,,,,,,,,,,,,,,,,,,,,,,,
table5_feature_ablation,,,,1.0,,,,,,,EOCD count (7),eocd_count,0.0037037037037036,,,,,,,,,,,,,,,,,,,,,,,,,,,,,,,,,,,,,,,,,,,,,,,,,,,,,,,,,,,,,,,,,,,,,,,,,,,,,,,,,,,,,,,,,,
table5_feature_ablation,,,,0.9962962962962963,,,,,,,Encryption flag (12),is_encrypted,0.0,,,,,,,,,,,,,,,,,,,,,,,,,,,,,,,,,,,,,,,,,,,,,,,,,,,,,,,,,,,,,,,,,,,,,,,,,,,,,,,,,,,,,,,,,,
table6_multi_baseline_comparison,Logistic Regression,1.0,1.0,1.0,1.0,270.0,0.0,357.0,0.0,1.0,,,,0.9991,0.0019,0.9982,0.9986,,,,,,,,,,,,,,,,,,,,,,,,,,,,,,,,,,,,,,,,,,,,,,,,,,,,,,,,,,,,,,,,,,,,,,,,,,,,,,,,,,,,,,
table6_multi_baseline_comparison,Linear SVM,1.0,1.0,1.0,1.0,270.0,0.0,357.0,0.0,1.0,,,,0.9991,0.0019,0.9986,0.9995,,,,,,,,,,,,,,,,,,,,,,,,,,,,,,,,,,,,,,,,,,,,,,,,,,,,,,,,,,,,,,,,,,,,,,,,,,,,,,,,,,,,,,
table6_multi_baseline_comparison,Random Forest,1.0,1.0,1.0,1.0,270.0,0.0,357.0,0.0,1.0,,,,0.9991,0.0019,0.9995,1.0,,,,,,,,,,,,,,,,,,,,,,,,,,,,,,,,,,,,,,,,,,,,,,,,,,,,,,,,,,,,,,,,,,,,,,,,,,,,,,,,,,,,,,
table6_multi_baseline_comparison,LightGBM,1.0,1.0,1.0,1.0,270.0,0.0,357.0,0.0,1.0,,,,0.9991,0.0019,0.9991,0.9995,,,,,,,,,,,,,,,,,,,,,,,,,,,,,,,,,,,,,,,,,,,,,,,,,,,,,,,,,,,,,,,,,,,,,,,,,,,,,,,,,,,,,,
table6_multi_baseline_comparison,XGBoost,0.9984,1.0,0.9963,0.9981,269.0,0.0,357.0,1.0,1.0,,,,0.9991,0.0019,0.9995,0.9996,,,,,,,,,,,,,,,,,,,,,,,,,,,,,,,,,,,,,,,,,,,,,,,,,,,,,,,,,,,,,,,,,,,,,,,,,,,,,,,,,,,,,,
table6b_multi_baseline_hard_test,Logistic Regression,0.9888,0.9143,1.0,0.9552,32.0,3.0,234.0,0.0,0.9993,,,,,,,,,,,,,,,,,,,,,,,,,,,,,,,,,,,,,,,,,,,,,,,,,,,,,,,,,,,,,,,,,,,,,,,,,,,,,,,,,,,,,,,,,,,,,
table6b_multi_baseline_hard_test,Linear SVM,0.9851,0.9118,0.9688,0.9394,31.0,3.0,234.0,1.0,0.9992,,,,,,,,,,,,,,,,,,,,,,,,,,,,,,,,,,,,,,,,,,,,,,,,,,,,,,,,,,,,,,,,,,,,,,,,,,,,,,,,,,,,,,,,,,,,,
table6b_multi_baseline_hard_test,Random Forest,0.9665,1.0,0.7188,0.8364,23.0,0.0,237.0,9.0,0.9974,,,,,,,,,,,,,,,,,,,,,,,,,,,,,,,,,,,,,,,,,,,,,,,,,,,,,,,,,,,,,,,,,,,,,,,,,,,,,,,,,,,,,,,,,,,,,
table6b_multi_baseline_hard_test,LightGBM,0.9926,1.0,0.9375,0.9677,30.0,0.0,237.0,2.0,1.0,,,,,,,,,,,,,,,,,,,,,,,,,,,,,,,,,,,,,,,,,,,,,,,,,,,,,,,,,,,,,,,,,,,,,,,,,,,,,,,,,,,,,,,,,,,,,
table6b_multi_baseline_hard_test,XGBoost,0.9665,1.0,0.7188,0.8364,23.0,0.0,237.0,9.0,1.0,,,,,,,,,,,,,,,,,,,,,,,,,,,,,,,,,,,,,,,,,,,,,,,,,,,,,,,,,,,,,,,,,,,,,,,,,,,,,,,,,,,,,,,,,,,,,
table7_variant_recall,,,,1.0,,350.0,,,0.0,,,,,,,,,A,Classic Zombie ZIP,350.0,350.0,0.9993,,method_mismatch + declared_vs_entropy_flag,,,,,,,,,,,,,,,,,,,,,,,,,,,,,,,,,,,,,,,,,,,,,,,,,,,,,,,,,,,,,,,,,,,,,,,,,,,,,,,
table7_variant_recall,,,,1.0,,100.0,,,0.0,,,,,,,,,B,Method-only mismatch,100.0,100.0,0.9991,,method_mismatch,,,,,,,,,,,,,,,,,,,,,,,,,,,,,,,,,,,,,,,,,,,,,,,,,,,,,,,,,,,,,,,,,,,,,,,,,,,,,,,
table7_variant_recall,,,,0.9867,,148.0,,,2.0,,,,,,,,,C,Gootloader concatenation,150.0,150.0,0.9889,0.2062,eocd_count > 1,,,,,,,,,,,,,,,,,,,,,,,,,,,,,,,,,,,,,,,,,,,,,,,,,,,,,,,,,,,,,,,,,,,,,,,,,,,,,,,
table7_variant_recall,,,,1.0,,150.0,,,0.0,,,,,,,,,D,Multi-file decoy,150.0,150.0,0.9987,,suspicious_entry_ratio,,,,,,,,,,,,,,,,,,,,,,,,,,,,,,,,,,,,,,,,,,,,,,,,,,,,,,,,,,,,,,,,,,,,,,,,,,,,,,,
table7_variant_recall,,,,1.0,,100.0,,,0.0,,,,,,,,,E,CRC32 mismatch,100.0,100.0,0.9995,,any_crc_mismatch,,,,,,,,,,,,,,,,,,,,,,,,,,,,,,,,,,,,,,,,,,,,,,,,,,,,,,,,,,,,,,,,,,,,,,,,,,,,,,,
table7_variant_recall,,,,1.0,,100.0,,,0.0,,,,,,,,,F,Extra field noise,100.0,100.0,0.9992,,declared_vs_entropy_flag,,,,,,,,,,,,,,,,,,,,,,,,,,,,,,,,,,,,,,,,,,,,,,,,,,,,,,,,,,,,,,,,,,,,,,,,,,,,,,,
table7_variant_recall,,,,1.0,,100.0,,,0.0,,,,,,,,,G,High compression gap,100.0,100.0,0.9989,,declared_vs_entropy_flag + entropy,,,,,,,,,,,,,,,,,,,,,,,,,,,,,,,,,,,,,,,,,,,,,,,,,,,,,,,,,,,,,,,,,,,,,,,,,,,,,,,
table7_variant_recall,,,,1.0,,100.0,,,0.0,,,,,,,,,H,Size field mismatch,100.0,100.0,0.9995,,method_mismatch + entropy,,,,,,,,,,,,,,,,,,,,,,,,,,,,,,,,,,,,,,,,,,,,,,,,,,,,,,,,,,,,,,,,,,,,,,,,,,,,,,,
table7_variant_recall,,,,1.0,,200.0,,,0.0,,,,,,,,,I,Undefined method code,200.0,200.0,0.995,,lf_unknown_method,,,,,,,,,,,,,,,,,,,,,,,,,,,,,,,,,,,,,,,,,,,,,,,,,,,,,,,,,,,,,,,,,,,,,,,,,,,,,,,
table8_temporal_stability,,,0.9865,1.0,0.9932,,,,,,,,,,,,,,,,,,,,T1 (train),439.0,594.0,1.0,439.0,6.0,0.0,588.0,,,,,,,,,,,,,,,,,,,,,,,,,,,,,,,,,,,,,,,,,,,,,,,,,,,,,,,,,,,,,,,,,,,,,,,
table8_temporal_stability,,,0.9865,0.9977,0.9921,,,,,,,,,,,,,,,,,,,,T2 (test),439.0,594.0,0.999,438.0,6.0,1.0,588.0,,,,,,,,,,,,,,,,,,,,,,,,,,,,,,,,,,,,,,,,,,,,,,,,,,,,,,,,,,,,,,,,,,,,,,,
table8_temporal_stability,,,0.9803,0.6795,0.8027,,,,,,,,,,,,,,,,,,,,T3 (test),440.0,595.0,0.7797,299.0,6.0,141.0,589.0,,,,,,,,,,,,,,,,,,,,,,,,,,,,,,,,,,,,,,,,,,,,,,,,,,,,,,,,,,,,,,,,,,,,,,,
table8_temporal_stability,,,0.9606,1.0,0.9799,,,,,,,,,,,,,,,,,,,,Synth→T1,439.0,594.0,0.9756,439.0,18.0,0.0,576.0,,,,,,,,,,,,,,,,,,,,,,,,,,,,,,,,,,,,,,,,,,,,,,,,,,,,,,,,,,,,,,,,,,,,,,,
table8_temporal_stability,,,0.9606,1.0,0.9799,,,,,,,,,,,,,,,,,,,,Synth→T2,439.0,594.0,0.9756,439.0,18.0,0.0,576.0,,,,,,,,,,,,,,,,,,,,,,,,,,,,,,,,,,,,,,,,,,,,,,,,,,,,,,,,,,,,,,,,,,,,,,,
table8_temporal_stability,,,0.9469,0.7295,0.8241,,,,,,,,,,,,,,,,,,,,Synth→T3,440.0,595.0,0.8766,321.0,18.0,119.0,577.0,,,,,,,,,,,,,,,,,,,,,,,,,,,,,,,,,,,,,,,,,,,,,,,,,,,,,,,,,,,,,,,,,,,,,,,
table8b_shap_stability,,,,,,,,,,,,,,,,,,,,,,,,,T1,,,,,,,,1.0,data_entropy_renyi,,,,,,,,,,,,,,,,,,,,,,,,,,,,,,,,,,,,,,,,,,,,,,,,,,,,,,,,,,,,,,,,,,,,,
table8b_shap_stability,,,,,,,,,,,,,,,,,,,,,,,,,T1,,,,,,,,2.0,data_entropy_shannon,,,,,,,,,,,,,,,,,,,,,,,,,,,,,,,,,,,,,,,,,,,,,,,,,,,,,,,,,,,,,,,,,,,,,
table8b_shap_stability,,,,,,,,,,,,,,,,,,,,,,,,,T1,,,,,,,,3.0,lf_compression_method,,,,,,,,,,,,,,,,,,,,,,,,,,,,,,,,,,,,,,,,,,,,,,,,,,,,,,,,,,,,,,,,,,,,,
table8b_shap_stability,,,,,,,,,,,,,,,,,,,,,,,,,T1,,,,,,,,4.0,is_encrypted,,,,,,,,,,,,,,,,,,,,,,,,,,,,,,,,,,,,,,,,,,,,,,,,,,,,,,,,,,,,,,,,,,,,,
table8b_shap_stability,,,,,,,,,,,,,,,,,,,,,,,,,T1,,,,,,,,5.0,suspicious_entry_count,,,,,,,,,,,,,,,,,,,,,,,,,,,,,,,,,,,,,,,,,,,,,,,,,,,,,,,,,,,,,,,,,,,,,
table8b_shap_stability,,,,,,,,,,,,,,,,,,,,,,,,,T2,,,,,,,,1.0,data_entropy_renyi,,,,,,,,,,,,,,,,,,,,,,,,,,,,,,,,,,,,,,,,,,,,,,,,,,,,,,,,,,,,,,,,,,,,,
table8b_shap_stability,,,,,,,,,,,,,,,,,,,,,,,,,T2,,,,,,,,2.0,data_entropy_shannon,,,,,,,,,,,,,,,,,,,,,,,,,,,,,,,,,,,,,,,,,,,,,,,,,,,,,,,,,,,,,,,,,,,,,
table8b_shap_stability,,,,,,,,,,,,,,,,,,,,,,,,,T2,,,,,,,,3.0,lf_compression_method,,,,,,,,,,,,,,,,,,,,,,,,,,,,,,,,,,,,,,,,,,,,,,,,,,,,,,,,,,,,,,,,,,,,,
table8b_shap_stability,,,,,,,,,,,,,,,,,,,,,,,,,T2,,,,,,,,4.0,is_encrypted,,,,,,,,,,,,,,,,,,,,,,,,,,,,,,,,,,,,,,,,,,,,,,,,,,,,,,,,,,,,,,,,,,,,,
table8b_shap_stability,,,,,,,,,,,,,,,,,,,,,,,,,T2,,,,,,,,5.0,suspicious_entry_count,,,,,,,,,,,,,,,,,,,,,,,,,,,,,,,,,,,,,,,,,,,,,,,,,,,,,,,,,,,,,,,,,,,,,
table8b_shap_stability,,,,,,,,,,,,,,,,,,,,,,,,,T3,,,,,,,,1.0,data_entropy_renyi,,,,,,,,,,,,,,,,,,,,,,,,,,,,,,,,,,,,,,,,,,,,,,,,,,,,,,,,,,,,,,,,,,,,,
table8b_shap_stability,,,,,,,,,,,,,,,,,,,,,,,,,T3,,,,,,,,2.0,data_entropy_shannon,,,,,,,,,,,,,,,,,,,,,,,,,,,,,,,,,,,,,,,,,,,,,,,,,,,,,,,,,,,,,,,,,,,,,
table8b_shap_stability,,,,,,,,,,,,,,,,,,,,,,,,,T3,,,,,,,,3.0,lf_compression_method,,,,,,,,,,,,,,,,,,,,,,,,,,,,,,,,,,,,,,,,,,,,,,,,,,,,,,,,,,,,,,,,,,,,,
table8b_shap_stability,,,,,,,,,,,,,,,,,,,,,,,,,T3,,,,,,,,4.0,is_encrypted,,,,,,,,,,,,,,,,,,,,,,,,,,,,,,,,,,,,,,,,,,,,,,,,,,,,,,,,,,,,,,,,,,,,,
table8b_shap_stability,,,,,,,,,,,,,,,,,,,,,,,,,T3,,,,,,,,5.0,suspicious_entry_count,,,,,,,,,,,,,,,,,,,,,,,,,,,,,,,,,,,,,,,,,,,,,,,,,,,,,,,,,,,,,,,,,,,,,
table_roc_pr_auc,ZombieGuard LightGBM,,,,,,,,,1.0,,,,,,,,,,,,,,,,,,,,,,,,,,,,,,,,,,,,,,,,,,,,,,,,,,,,,,,,,,,,,,,,,,,,,,,,,,,,,,,,,,,,,,,,,,,,,
table_roc_pr_auc,Rule-based baseline,,,,,,,,,0.874,,,,,,,,,,,,,,,,,,,,,,,,,,,,,,,,,,,,,,,,,,,,,,,,,,,,,,,,,,,,,,,,,,,,,,,,,,,,,,,,,,,,,,,,,,,,,
table_entropy_stats,,,,,,,,,,,,,,,,,,,,,,,,,,,,,,,,,,,Malicious,1348.0,7.4509,0.5595,65.8,,,,,,,,,,,,,,,,,,,,,,,,,,,,,,,,,,,,,,,,,,,,,,,,,,,,,,,,,,,,,,,,
table_entropy_stats,,,,,,,,,,,,,,,,,,,,,,,,,,,,,,,,,,,Benign,1785.0,7.2063,1.3481,76.19,,,,,,,,,,,,,,,,,,,,,,,,,,,,,,,,,,,,,,,,,,,,,,,,,,,,,,,,,,,,,,,,
table_family_prevalence,,,,,,,,,,,,,,,,,,,,,,,,,,,,,,,,,,,,,,,,Gootloader,1070.0,67.0,6.3,,,,,,,,,,,,,,,,,,,,,,,,,,,,,,,,,,,,,,,,,,,,,,,,,,,,,,,,,,,,
table_family_prevalence,,,,,,,,,,,,,,,,,,,,,,,,,,,,,,,,,,,,,,,,Unknown,80.0,7.0,8.8,,,,,,,,,,,,,,,,,,,,,,,,,,,,,,,,,,,,,,,,,,,,,,,,,,,,,,,,,,,,
table_family_prevalence,,,,,,,,,,,,,,,,,,,,,,,,,,,,,,,,,,,,,,,,Vidar,26.0,1.0,3.8,,,,,,,,,,,,,,,,,,,,,,,,,,,,,,,,,,,,,,,,,,,,,,,,,,,,,,,,,,,,
table_family_prevalence,,,,,,,,,,,,,,,,,,,,,,,,,,,,,,,,,,,,,,,,NetSupport RAT,20.0,1.0,5.0,,,,,,,,,,,,,,,,,,,,,,,,,,,,,,,,,,,,,,,,,,,,,,,,,,,,,,,,,,,,
table_family_prevalence,,,,,,,,,,,,,,,,,,,,,,,,,,,,,,,,,,,,,,,,ACRStealer,13.0,0.0,0.0,,,,,,,,,,,,,,,,,,,,,,,,,,,,,,,,,,,,,,,,,,,,,,,,,,,,,,,,,,,,
table_family_prevalence,,,,,,,,,,,,,,,,,,,,,,,,,,,,,,,,,,,,,,,,Wsgidav,12.0,0.0,0.0,,,,,,,,,,,,,,,,,,,,,,,,,,,,,,,,,,,,,,,,,,,,,,,,,,,,,,,,,,,,
table_family_prevalence,,,,,,,,,,,,,,,,,,,,,,,,,,,,,,,,,,,,,,,,ClickFix,6.0,3.0,50.0,,,,,,,,,,,,,,,,,,,,,,,,,,,,,,,,,,,,,,,,,,,,,,,,,,,,,,,,,,,,
table_family_prevalence,,,,,,,,,,,,,,,,,,,,,,,,,,,,,,,,,,,,,,,,APT37,6.0,0.0,0.0,,,,,,,,,,,,,,,,,,,,,,,,,,,,,,,,,,,,,,,,,,,,,,,,,,,,,,,,,,,,
table_family_prevalence,,,,,,,,,,,,,,,,,,,,,,,,,,,,,,,,,,,,,,,,Dllhijack,6.0,0.0,0.0,,,,,,,,,,,,,,,,,,,,,,,,,,,,,,,,,,,,,,,,,,,,,,,,,,,,,,,,,,,,
table_family_prevalence,,,,,,,,,,,,,,,,,,,,,,,,,,,,,,,,,,,,,,,,File-pumped,6.0,0.0,0.0,,,,,,,,,,,,,,,,,,,,,,,,,,,,,,,,,,,,,,,,,,,,,,,,,,,,,,,,,,,,
table_family_prevalence,,,,,,,,,,,,,,,,,,,,,,,,,,,,,,,,,,,,,,,,SmartApeSG,6.0,1.0,16.7,,,,,,,,,,,,,,,,,,,,,,,,,,,,,,,,,,,,,,,,,,,,,,,,,,,,,,,,,,,,
table_family_prevalence,,,,,,,,,,,,,,,,,,,,,,,,,,,,,,,,,,,,,,,,Omnibar-ai-chat-search,6.0,1.0,16.7,,,,,,,,,,,,,,,,,,,,,,,,,,,,,,,,,,,,,,,,,,,,,,,,,,,,,,,,,,,,
table_family_prevalence,,,,,,,,,,,,,,,,,,,,,,,,,,,,,,,,,,,,,,,,SalatStealer,6.0,0.0,0.0,,,,,,,,,,,,,,,,,,,,,,,,,,,,,,,,,,,,,,,,,,,,,,,,,,,,,,,,,,,,
table_family_prevalence,,,,,,,,,,,,,,,,,,,,,,,,,,,,,,,,,,,,,,,,APT36,5.0,1.0,20.0,,,,,,,,,,,,,,,,,,,,,,,,,,,,,,,,,,,,,,,,,,,,,,,,,,,,,,,,,,,,
table_family_prevalence,,,,,,,,,,,,,,,,,,,,,,,,,,,,,,,,,,,,,,,,Quakbot,4.0,1.0,25.0,,,,,,,,,,,,,,,,,,,,,,,,,,,,,,,,,,,,,,,,,,,,,,,,,,,,,,,,,,,,
table_family_prevalence,,,,,,,,,,,,,,,,,,,,,,,,,,,,,,,,,,,,,,,,Smartloader,4.0,0.0,0.0,,,,,,,,,,,,,,,,,,,,,,,,,,,,,,,,,,,,,,,,,,,,,,,,,,,,,,,,,,,,
table_family_prevalence,,,,,,,,,,,,,,,,,,,,,,,,,,,,,,,,,,,,,,,,Spam-ita,3.0,0.0,0.0,,,,,,,,,,,,,,,,,,,,,,,,,,,,,,,,,,,,,,,,,,,,,,,,,,,,,,,,,,,,
table_family_prevalence,,,,,,,,,,,,,,,,,,,,,,,,,,,,,,,,,,,,,,,,Endesa2026,3.0,0.0,0.0,,,,,,,,,,,,,,,,,,,,,,,,,,,,,,,,,,,,,,,,,,,,,,,,,,,,,,,,,,,,
table_family_prevalence,,,,,,,,,,,,,,,,,,,,,,,,,,,,,,,,,,,,,,,,Crewldmainnew-com,3.0,0.0,0.0,,,,,,,,,,,,,,,,,,,,,,,,,,,,,,,,,,,,,,,,,,,,,,,,,,,,,,,,,,,,
table_family_prevalence,,,,,,,,,,,,,,,,,,,,,,,,,,,,,,,,,,,,,,,,Formbook,3.0,0.0,0.0,,,,,,,,,,,,,,,,,,,,,,,,,,,,,,,,,,,,,,,,,,,,,,,,,,,,,,,,,,,,
table_family_prevalence,,,,,,,,,,,,,,,,,,,,,,,,,,,,,,,,,,,,,,,,Api-devx-help,3.0,0.0,0.0,,,,,,,,,,,,,,,,,,,,,,,,,,,,,,,,,,,,,,,,,,,,,,,,,,,,,,,,,,,,
table_family_prevalence,,,,,,,,,,,,,,,,,,,,,,,,,,,,,,,,,,,,,,,,Fake-7-zip,3.0,0.0,0.0,,,,,,,,,,,,,,,,,,,,,,,,,,,,,,,,,,,,,,,,,,,,,,,,,,,,,,,,,,,,
table_family_prevalence,,,,,,,,,,,,,,,,,,,,,,,,,,,,,,,,,,,,,,,,Msi-stego,2.0,0.0,0.0,,,,,,,,,,,,,,,,,,,,,,,,,,,,,,,,,,,,,,,,,,,,,,,,,,,,,,,,,,,,
table_family_prevalence,,,,,,,,,,,,,,,,,,,,,,,,,,,,,,,,,,,,,,,,Pw-123,2.0,0.0,0.0,,,,,,,,,,,,,,,,,,,,,,,,,,,,,,,,,,,,,,,,,,,,,,,,,,,,,,,,,,,,
table_family_prevalence,,,,,,,,,,,,,,,,,,,,,,,,,,,,,,,,,,,,,,,,Malwaremustdie,2.0,0.0,0.0,,,,,,,,,,,,,,,,,,,,,,,,,,,,,,,,,,,,,,,,,,,,,,,,,,,,,,,,,,,,
table_family_prevalence,,,,,,,,,,,,,,,,,,,,,,,,,,,,,,,,,,,,,,,,Donutloader,2.0,0.0,0.0,,,,,,,,,,,,,,,,,,,,,,,,,,,,,,,,,,,,,,,,,,,,,,,,,,,,,,,,,,,,
table_family_prevalence,,,,,,,,,,,,,,,,,,,,,,,,,,,,,,,,,,,,,,,,Asgardprotector,2.0,0.0,0.0,,,,,,,,,,,,,,,,,,,,,,,,,,,,,,,,,,,,,,,,,,,,,,,,,,,,,,,,,,,,
table_family_prevalence,,,,,,,,,,,,,,,,,,,,,,,,,,,,,,,,,,,,,,,,Braodo,2.0,0.0,0.0,,,,,,,,,,,,,,,,,,,,,,,,,,,,,,,,,,,,,,,,,,,,,,,,,,,,,,,,,,,,
table_family_prevalence,,,,,,,,,,,,,,,,,,,,,,,,,,,,,,,,,,,,,,,,Mirai,2.0,0.0,0.0,,,,,,,,,,,,,,,,,,,,,,,,,,,,,,,,,,,,,,,,,,,,,,,,,,,,,,,,,,,,
table_family_prevalence,,,,,,,,,,,,,,,,,,,,,,,,,,,,,,,,,,,,,,,,Sheetrat,2.0,0.0,0.0,,,,,,,,,,,,,,,,,,,,,,,,,,,,,,,,,,,,,,,,,,,,,,,,,,,,,,,,,,,,
table_family_prevalence,,,,,,,,,,,,,,,,,,,,,,,,,,,,,,,,,,,,,,,,Pw-cyrex,2.0,0.0,0.0,,,,,,,,,,,,,,,,,,,,,,,,,,,,,,,,,,,,,,,,,,,,,,,,,,,,,,,,,,,,
table_family_prevalence,,,,,,,,,,,,,,,,,,,,,,,,,,,,,,,,,,,,,,,,Njrat,2.0,0.0,0.0,,,,,,,,,,,,,,,,,,,,,,,,,,,,,,,,,,,,,,,,,,,,,,,,,,,,,,,,,,,,
table_family_prevalence,,,,,,,,,,,,,,,,,,,,,,,,,,,,,,,,,,,,,,,,Dropped-by-acrstealer,2.0,2.0,100.0,,,,,,,,,,,,,,,,,,,,,,,,,,,,,,,,,,,,,,,,,,,,,,,,,,,,,,,,,,,,
table_family_prevalence,,,,,,,,,,,,,,,,,,,,,,,,,,,,,,,,,,,,,,,,Webdot-ddns-net,2.0,0.0,0.0,,,,,,,,,,,,,,,,,,,,,,,,,,,,,,,,,,,,,,,,,,,,,,,,,,,,,,,,,,,,
table_family_prevalence,,,,,,,,,,,,,,,,,,,,,,,,,,,,,,,,,,,,,,,,Crashfix,2.0,2.0,100.0,,,,,,,,,,,,,,,,,,,,,,,,,,,,,,,,,,,,,,,,,,,,,,,,,,,,,,,,,,,,
table_family_prevalence,,,,,,,,,,,,,,,,,,,,,,,,,,,,,,,,,,,,,,,,Lumma,2.0,0.0,0.0,,,,,,,,,,,,,,,,,,,,,,,,,,,,,,,,,,,,,,,,,,,,,,,,,,,,,,,,,,,,
table_family_prevalence,,,,,,,,,,,,,,,,,,,,,,,,,,,,,,,,,,,,,,,,Bot8705156458,1.0,0.0,0.0,,,,,,,,,,,,,,,,,,,,,,,,,,,,,,,,,,,,,,,,,,,,,,,,,,,,,,,,,,,,
table_family_prevalence,,,,,,,,,,,,,,,,,,,,,,,,,,,,,,,,,,,,,,,,Bambooware-ru,1.0,0.0,0.0,,,,,,,,,,,,,,,,,,,,,,,,,,,,,,,,,,,,,,,,,,,,,,,,,,,,,,,,,,,,
table_family_prevalence,,,,,,,,,,,,,,,,,,,,,,,,,,,,,,,,,,,,,,,,Agent,1.0,0.0,0.0,,,,,,,,,,,,,,,,,,,,,,,,,,,,,,,,,,,,,,,,,,,,,,,,,,,,,,,,,,,,
table_family_prevalence,,,,,,,,,,,,,,,,,,,,,,,,,,,,,,,,,,,,,,,,Amadey,1.0,0.0,0.0,,,,,,,,,,,,,,,,,,,,,,,,,,,,,,,,,,,,,,,,,,,,,,,,,,,,,,,,,,,,
table_family_prevalence,,,,,,,,,,,,,,,,,,,,,,,,,,,,,,,,,,,,,,,,Admin-diversifiedfireprotection-top,1.0,0.0,0.0,,,,,,,,,,,,,,,,,,,,,,,,,,,,,,,,,,,,,,,,,,,,,,,,,,,,,,,,,,,,
table_family_prevalence,,,,,,,,,,,,,,,,,,,,,,,,,,,,,,,,,,,,,,,,138f52,1.0,0.0,0.0,,,,,,,,,,,,,,,,,,,,,,,,,,,,,,,,,,,,,,,,,,,,,,,,,,,,,,,,,,,,
table_family_prevalence,,,,,,,,,,,,,,,,,,,,,,,,,,,,,,,,,,,,,,,,Ato,1.0,0.0,0.0,,,,,,,,,,,,,,,,,,,,,,,,,,,,,,,,,,,,,,,,,,,,,,,,,,,,,,,,,,,,
table_family_prevalence,,,,,,,,,,,,,,,,,,,,,,,,,,,,,,,,,,,,,,,,Asyncrat,1.0,0.0,0.0,,,,,,,,,,,,,,,,,,,,,,,,,,,,,,,,,,,,,,,,,,,,,,,,,,,,,,,,,,,,
table_family_prevalence,,,,,,,,,,,,,,,,,,,,,,,,,,,,,,,,,,,,,,,,Arechclient2,1.0,1.0,100.0,,,,,,,,,,,,,,,,,,,,,,,,,,,,,,,,,,,,,,,,,,,,,,,,,,,,,,,,,,,,
table_family_prevalence,,,,,,,,,,,,,,,,,,,,,,,,,,,,,,,,,,,,,,,,Arkanixstealer,1.0,1.0,100.0,,,,,,,,,,,,,,,,,,,,,,,,,,,,,,,,,,,,,,,,,,,,,,,,,,,,,,,,,,,,
table_family_prevalence,,,,,,,,,,,,,,,,,,,,,,,,,,,,,,,,,,,,,,,,Claude-update-version-com,1.0,0.0,0.0,,,,,,,,,,,,,,,,,,,,,,,,,,,,,,,,,,,,,,,,,,,,,,,,,,,,,,,,,,,,
table_family_prevalence,,,,,,,,,,,,,,,,,,,,,,,,,,,,,,,,,,,,,,,,Corehub-org,1.0,0.0,0.0,,,,,,,,,,,,,,,,,,,,,,,,,,,,,,,,,,,,,,,,,,,,,,,,,,,,,,,,,,,,
table_family_prevalence,,,,,,,,,,,,,,,,,,,,,,,,,,,,,,,,,,,,,,,,Matanbuchus,1.0,0.0,0.0,,,,,,,,,,,,,,,,,,,,,,,,,,,,,,,,,,,,,,,,,,,,,,,,,,,,,,,,,,,,
table_family_prevalence,,,,,,,,,,,,,,,,,,,,,,,,,,,,,,,,,,,,,,,,Mandatechgroup-com,1.0,0.0,0.0,,,,,,,,,,,,,,,,,,,,,,,,,,,,,,,,,,,,,,,,,,,,,,,,,,,,,,,,,,,,
table_family_prevalence,,,,,,,,,,,,,,,,,,,,,,,,,,,,,,,,,,,,,,,,Lua,1.0,1.0,100.0,,,,,,,,,,,,,,,,,,,,,,,,,,,,,,,,,,,,,,,,,,,,,,,,,,,,,,,,,,,,
table_family_prevalence,,,,,,,,,,,,,,,,,,,,,,,,,,,,,,,,,,,,,,,,Luckyware,1.0,0.0,0.0,,,,,,,,,,,,,,,,,,,,,,,,,,,,,,,,,,,,,,,,,,,,,,,,,,,,,,,,,,,,
table_family_prevalence,,,,,,,,,,,,,,,,,,,,,,,,,,,,,,,,,,,,,,,,Jerrymac2008-duckdns-org,1.0,0.0,0.0,,,,,,,,,,,,,,,,,,,,,,,,,,,,,,,,,,,,,,,,,,,,,,,,,,,,,,,,,,,,
table_family_prevalence,,,,,,,,,,,,,,,,,,,,,,,,,,,,,,,,,,,,,,,,Hun,1.0,0.0,0.0,,,,,,,,,,,,,,,,,,,,,,,,,,,,,,,,,,,,,,,,,,,,,,,,,,,,,,,,,,,,
table_family_prevalence,,,,,,,,,,,,,,,,,,,,,,,,,,,,,,,,,,,,,,,,Github-com--denboss99,1.0,0.0,0.0,,,,,,,,,,,,,,,,,,,,,,,,,,,,,,,,,,,,,,,,,,,,,,,,,,,,,,,,,,,,
table_family_prevalence,,,,,,,,,,,,,,,,,,,,,,,,,,,,,,,,,,,,,,,,Github-com--jenazzz,1.0,0.0,0.0,,,,,,,,,,,,,,,,,,,,,,,,,,,,,,,,,,,,,,,,,,,,,,,,,,,,,,,,,,,,
table_family_prevalence,,,,,,,,,,,,,,,,,,,,,,,,,,,,,,,,,,,,,,,,Filebulldogs-com,1.0,0.0,0.0,,,,,,,,,,,,,,,,,,,,,,,,,,,,,,,,,,,,,,,,,,,,,,,,,,,,,,,,,,,,
table_family_prevalence,,,,,,,,,,,,,,,,,,,,,,,,,,,,,,,,,,,,,,,,Gh0strat,1.0,0.0,0.0,,,,,,,,,,,,,,,,,,,,,,,,,,,,,,,,,,,,,,,,,,,,,,,,,,,,,,,,,,,,
table_family_prevalence,,,,,,,,,,,,,,,,,,,,,,,,,,,,,,,,,,,,,,,,Github-com--adyvot,1.0,0.0,0.0,,,,,,,,,,,,,,,,,,,,,,,,,,,,,,,,,,,,,,,,,,,,,,,,,,,,,,,,,,,,
table_family_prevalence,,,,,,,,,,,,,,,,,,,,,,,,,,,,,,,,,,,,,,,,Cbzr-98pq1-ydns-eu,1.0,0.0,0.0,,,,,,,,,,,,,,,,,,,,,,,,,,,,,,,,,,,,,,,,,,,,,,,,,,,,,,,,,,,,
table_family_prevalence,,,,,,,,,,,,,,,,,,,,,,,,,,,,,,,,,,,,,,,,Carlessclapped-com,1.0,1.0,100.0,,,,,,,,,,,,,,,,,,,,,,,,,,,,,,,,,,,,,,,,,,,,,,,,,,,,,,,,,,,,
table_family_prevalence,,,,,,,,,,,,,,,,,,,,,,,,,,,,,,,,,,,,,,,,Catalogo-castrouria-com,1.0,0.0,0.0,,,,,,,,,,,,,,,,,,,,,,,,,,,,,,,,,,,,,,,,,,,,,,,,,,,,,,,,,,,,
table_family_prevalence,,,,,,,,,,,,,,,,,,,,,,,,,,,,,,,,,,,,,,,,Btmob,1.0,1.0,100.0,,,,,,,,,,,,,,,,,,,,,,,,,,,,,,,,,,,,,,,,,,,,,,,,,,,,,,,,,,,,
table_family_prevalence,,,,,,,,,,,,,,,,,,,,,,,,,,,,,,,,,,,,,,,,D429b4,1.0,0.0,0.0,,,,,,,,,,,,,,,,,,,,,,,,,,,,,,,,,,,,,,,,,,,,,,,,,,,,,,,,,,,,
table_family_prevalence,,,,,,,,,,,,,,,,,,,,,,,,,,,,,,,,,,,,,,,,Cobaltstrike,1.0,1.0,100.0,,,,,,,,,,,,,,,,,,,,,,,,,,,,,,,,,,,,,,,,,,,,,,,,,,,,,,,,,,,,
table_family_prevalence,,,,,,,,,,,,,,,,,,,,,,,,,,,,,,,,,,,,,,,,Rclone-stealer-mega,1.0,0.0,0.0,,,,,,,,,,,,,,,,,,,,,,,,,,,,,,,,,,,,,,,,,,,,,,,,,,,,,,,,,,,,
table_family_prevalence,,,,,,,,,,,,,,,,,,,,,,,,,,,,,,,,,,,,,,,,Rat,1.0,0.0,0.0,,,,,,,,,,,,,,,,,,,,,,,,,,,,,,,,,,,,,,,,,,,,,,,,,,,,,,,,,,,,
table_family_prevalence,,,,,,,,,,,,,,,,,,,,,,,,,,,,,,,,,,,,,,,,Quasarrat,1.0,0.0,0.0,,,,,,,,,,,,,,,,,,,,,,,,,,,,,,,,,,,,,,,,,,,,,,,,,,,,,,,,,,,,
table_family_prevalence,,,,,,,,,,,,,,,,,,,,,,,,,,,,,,,,,,,,,,,,Plugx,1.0,0.0,0.0,,,,,,,,,,,,,,,,,,,,,,,,,,,,,,,,,,,,,,,,,,,,,,,,,,,,,,,,,,,,
table_family_prevalence,,,,,,,,,,,,,,,,,,,,,,,,,,,,,,,,,,,,,,,,Muddywater,1.0,0.0,0.0,,,,,,,,,,,,,,,,,,,,,,,,,,,,,,,,,,,,,,,,,,,,,,,,,,,,,,,,,,,,
table_family_prevalence,,,,,,,,,,,,,,,,,,,,,,,,,,,,,,,,,,,,,,,,Nanafafa-myvnc-com,1.0,0.0,0.0,,,,,,,,,,,,,,,,,,,,,,,,,,,,,,,,,,,,,,,,,,,,,,,,,,,,,,,,,,,,
table_family_prevalence,,,,,,,,,,,,,,,,,,,,,,,,,,,,,,,,,,,,,,,,Osx,1.0,0.0,0.0,,,,,,,,,,,,,,,,,,,,,,,,,,,,,,,,,,,,,,,,,,,,,,,,,,,,,,,,,,,,
table_family_prevalence,,,,,,,,,,,,,,,,,,,,,,,,,,,,,,,,,,,,,,,,Reparertelephone-fr,1.0,0.0,0.0,,,,,,,,,,,,,,,,,,,,,,,,,,,,,,,,,,,,,,,,,,,,,,,,,,,,,,,,,,,,
table_family_prevalence,,,,,,,,,,,,,,,,,,,,,,,,,,,,,,,,,,,,,,,,Res2erch-sl0ut-com,1.0,0.0,0.0,,,,,,,,,,,,,,,,,,,,,,,,,,,,,,,,,,,,,,,,,,,,,,,,,,,,,,,,,,,,
table_family_prevalence,,,,,,,,,,,,,,,,,,,,,,,,,,,,,,,,,,,,,,,,Room155,1.0,0.0,0.0,,,,,,,,,,,,,,,,,,,,,,,,,,,,,,,,,,,,,,,,,,,,,,,,,,,,,,,,,,,,
table_family_prevalence,,,,,,,,,,,,,,,,,,,,,,,,,,,,,,,,,,,,,,,,Sars-letter,1.0,0.0,0.0,,,,,,,,,,,,,,,,,,,,,,,,,,,,,,,,,,,,,,,,,,,,,,,,,,,,,,,,,,,,
table_family_prevalence,,,,,,,,,,,,,,,,,,,,,,,,,,,,,,,,,,,,,,,,Scarfacestealer,1.0,0.0,0.0,,,,,,,,,,,,,,,,,,,,,,,,,,,,,,,,,,,,,,,,,,,,,,,,,,,,,,,,,,,,
table_family_prevalence,,,,,,,,,,,,,,,,,,,,,,,,,,,,,,,,,,,,,,,,Ukr,1.0,0.0,0.0,,,,,,,,,,,,,,,,,,,,,,,,,,,,,,,,,,,,,,,,,,,,,,,,,,,,,,,,,,,,
table_family_prevalence,,,,,,,,,,,,,,,,,,,,,,,,,,,,,,,,,,,,,,,,Terndoor,1.0,0.0,0.0,,,,,,,,,,,,,,,,,,,,,,,,,,,,,,,,,,,,,,,,,,,,,,,,,,,,,,,,,,,,
table_family_prevalence,,,,,,,,,,,,,,,,,,,,,,,,,,,,,,,,,,,,,,,,Then-hclientesbr-com,1.0,0.0,0.0,,,,,,,,,,,,,,,,,,,,,,,,,,,,,,,,,,,,,,,,,,,,,,,,,,,,,,,,,,,,
table_fn_analysis,,,,,,,,,,,,,,,,,,,,,,,,,,,,,,,,,,,,,,,,,,,,zombie_C_gootloader_0103.zip,0.3159,8.0,8.0,0.0,7.9615,5.0924,0.0,7.0,0.0,2.0,0.0769,1.0,0.0,,,,,,,,,,,,,,,,,,,,,,,,,,,,,,,,,,,,,,,,,,,,,,
table_adversarial_results,,,,,,,,,,,,,,,,,,,,,,,,,,,,,,,,,,,,,,,,,,,,,,,,,,,,,,,,,,1 — Entropy Dilution (N≤10),Add low-entropy benign entries,suspicious_entry_ratio ↓,0%,0%,None at N≤10,,,,,,,,,,,,,,,,,,,,,,,,,,,,,,,,,,,,,,,,
table_adversarial_results,,,,,,,,,,,,,,,,,,,,,,,,,,,,,,,,,,,,,,,,,,,,,,,,,,,,,,,,,,1 — Entropy Dilution (N≥50),Add 50+ low-entropy entries,ratio → 0.02,100%,0%,Fixed by Rule 1 (mismatch + entropy),,,,,,,,,,,,,,,,,,,,,,,,,,,,,,,,,,,,,,,,
table_adversarial_results,,,,,,,,,,,,,,,,,,,,,,,,,,,,,,,,,,,,,,,,,,,,,,,,,,,,,,,,,,2 — Method Harmonization,"Set LFH=CDH=STORE, keep payload compressed",method_mismatch = 0,100%,0%,Fixed by Rule 2 (STORE + high entropy),,,,,,,,,,,,,,,,,,,,,,,,,,,,,,,,,,,,,,,,
table_adversarial_results,,,,,,,,,,,,,,,,,,,,,,,,,,,,,,,,,,,,,,,,,,,,,,,,,,,,,,,,,,3 — Entropy Camouflage (N≤10),Add high-entropy consistent entries,suspicious_entry_ratio ↓,0%,0%,None at N≤10,,,,,,,,,,,,,,,,,,,,,,,,,,,,,,,,,,,,,,,,
table_adversarial_results,,,,,,,,,,,,,,,,,,,,,,,,,,,,,,,,,,,,,,,,,,,,,,,,,,,,,,,,,,3 — Entropy Camouflage (N≥50),Add 50+ high-entropy entries,ratio → 0.02,100%,0%,Fixed by Rule 1 (mismatch + entropy),,,,,,,,,,,,,,,,,,,,,,,,,,,,,,,,,,,,,,,,
table_adversarial_results,,,,,,,,,,,,,,,,,,,,,,,,,,,,,,,,,,,,,,,,,,,,,,,,,,,,,,,,,,4 — Entropy Threshold (all levels),DEFLATE level 1–9,none — entropy stays ≥7.95,0%,0%,Never a threat,,,,,,,,,,,,,,,,,,,,,,,,,,,,,,,,,,,,,,,,
adversarial_full_results,,,,,,,,,,,,,,,,,,,,,,,,,,,,,,,,,,,,,,,,,,,,,,,,1.0,7.9041,,1.0,,,,0.5,,,,,,,,,Entropy Dilution,N=1,1.0,suspicious_entry_ratio,1.0,True,False,1.0,True,False,,,,,,,,,,,,,,,,,,,,,,,,,,,,,,
adversarial_full_results,,,,,,,,,,,,,,,,,,,,,,,,,,,,,,,,,,,,,,,,,,,,,,,,1.0,7.9041,,1.0,,,,0.0909,,,,,,,,,Entropy Dilution,N=10,10.0,suspicious_entry_ratio,1.0,True,False,1.0,True,False,,,,,,,,,,,,,,,,,,,,,,,,,,,,,,
adversarial_full_results,,,,,,,,,,,,,,,,,,,,,,,,,,,,,,,,,,,,,,,,,,,,,,,,1.0,7.9041,,1.0,,,,0.0196,,,,,,,,,Entropy Dilution,N=50,50.0,suspicious_entry_ratio,0.0,False,True,1.0,True,False,,,,,,,,,,,,,,,,,,,,,,,,,,,,,,
adversarial_full_results,,,,,,,,,,,,,,,,,,,,,,,,,,,,,,,,,,,,,,,,,,,,,,,,1.0,7.9041,,1.0,,,,0.0099,,,,,,,,,Entropy Dilution,N=100,100.0,suspicious_entry_ratio,0.0,False,True,1.0,True,False,,,,,,,,,,,,,,,,,,,,,,,,,,,,,,
adversarial_full_results,,,,,,,,,,,,,,,,,,,,,,,,,,,,,,,,,,,,,,,,,,,,,,,,1.0,7.9041,,1.0,,,,0.002,,,,,,,,,Entropy Dilution,N=500,500.0,suspicious_entry_ratio,0.0,False,True,1.0,True,False,,,,,,,,,,,,,,,,,,,,,,,,,,,,,,
adversarial_full_results,,,,,,,,,,,,,,,,,,,,,,,,,,,,,,,,,,,,,,,,,,,,,,,,1.0,7.9041,,1.0,,,,0.001,,,,,,,,,Entropy Dilution,N=1000,1000.0,suspicious_entry_ratio,0.0,False,True,1.0,True,False,,,,,,,,,,,,,,,,,,,,,,,,,,,,,,
adversarial_full_results,,,,,,,,,,,,,,,,,,,,,,,,,,,,,,,,,,,,,,,,,,,,,,,,1.0,7.9019,,1.0,,,,,,,,,,,,,Method Harmonization,Variant A baseline,,none,1.0,True,False,1.0,True,False,0.0,8.0,,,,,,,,,,,,,,,,,,,,,,,,,,,,
adversarial_full_results,,,,,,,,,,,,,,,,,,,,,,,,,,,,,,,,,,,,,,,,,,,,,,,,0.0,7.9019,,1.0,,,,,,,,,,,,,Method Harmonization,Both STORE (attack),,method_mismatch,0.0,False,True,1.0,True,False,0.0,0.0,,,,,,,,,,,,,,,,,,,,,,,,,,,,
adversarial_full_results,,,,,,,,,,,,,,,,,,,,,,,,,,,,,,,,,,,,,,,,,,,,,,,,0.0,7.9019,,0.0,,,,,,,,,,,,,Method Harmonization,Both DEFLATE (ctrl),,method_mismatch,0.0,False,True,0.0,False,True,8.0,8.0,,,,,,,,,,,,,,,,,,,,,,,,,,,,
adversarial_full_results,,,,,,,,,,,,,,,,,,,,,,,,,,,,,,,,,,,,,,,,,,,,,,,,1.0,7.9156,,,,,1.0,0.5,,,,,,,,,Entropy Camouflage,N=1,1.0,suspicious_entry_ratio,1.0,True,False,1.0,True,False,,,,,,,,,,,,,,,,,,,,,,,,,,,,,,
adversarial_full_results,,,,,,,,,,,,,,,,,,,,,,,,,,,,,,,,,,,,,,,,,,,,,,,,1.0,7.9152,,,,,1.0,0.0909,,,,,,,,,Entropy Camouflage,N=10,10.0,suspicious_entry_ratio,1.0,True,False,1.0,True,False,,,,,,,,,,,,,,,,,,,,,,,,,,,,,,
adversarial_full_results,,,,,,,,,,,,,,,,,,,,,,,,,,,,,,,,,,,,,,,,,,,,,,,,1.0,7.9225,,,,,1.0,0.0196,,,,,,,,,Entropy Camouflage,N=50,50.0,suspicious_entry_ratio,0.0,False,True,1.0,True,False,,,,,,,,,,,,,,,,,,,,,,,,,,,,,,
adversarial_full_results,,,,,,,,,,,,,,,,,,,,,,,,,,,,,,,,,,,,,,,,,,,,,,,,1.0,7.9304,,,,,1.0,0.0099,,,,,,,,,Entropy Camouflage,N=100,100.0,suspicious_entry_ratio,0.0,False,True,1.0,True,False,,,,,,,,,,,,,,,,,,,,,,,,,,,,,,
adversarial_full_results,,,,,,,,,,,,,,,,,,,,,,,,,,,,,,,,,,,,,,,,,,,,,,,,1.0,,,1.0,,,,,,,,,,,,,Entropy Threshold,level=1,,none,1.0,True,False,1.0,True,False,,,1.0,7.9507,,,,,,,,,,,,,,,,,,,,,,,,,,
adversarial_full_results,,,,,,,,,,,,,,,,,,,,,,,,,,,,,,,,,,,,,,,,,,,,,,,,1.0,,,1.0,,,,,,,,,,,,,Entropy Threshold,level=2,,none,1.0,True,False,1.0,True,False,,,2.0,7.9507,,,,,,,,,,,,,,,,,,,,,,,,,,
adversarial_full_results,,,,,,,,,,,,,,,,,,,,,,,,,,,,,,,,,,,,,,,,,,,,,,,,1.0,,,1.0,,,,,,,,,,,,,Entropy Threshold,level=3,,none,1.0,True,False,1.0,True,False,,,3.0,7.9507,,,,,,,,,,,,,,,,,,,,,,,,,,
adversarial_full_results,,,,,,,,,,,,,,,,,,,,,,,,,,,,,,,,,,,,,,,,,,,,,,,,1.0,,,1.0,,,,,,,,,,,,,Entropy Threshold,level=6,,none,1.0,True,False,1.0,True,False,,,6.0,7.9507,,,,,,,,,,,,,,,,,,,,,,,,,,
adversarial_full_results,,,,,,,,,,,,,,,,,,,,,,,,,,,,,,,,,,,,,,,,,,,,,,,,1.0,,,1.0,,,,,,,,,,,,,Entropy Threshold,level=9,,none,1.0,True,False,1.0,True,False,,,9.0,7.9507,,,,,,,,,,,,,,,,,,,,,,,,,,
generalisation_results,XGBoost,0.9868,0.9962,0.9778,0.9869,,,,,0.998,,,,,,,,,,,,,,,,,,,,,,,,,,,,,,,,,,,,,,,,,,,,,,,,,,,,,,,,,,,,,,,,,,,,ZIP,530.0,270.0,260.0,,,,,,,,,,,,,,,,,,,,,,
generalisation_results,Transformer,1.0,1.0,1.0,1.0,,,,,1.0,,,,,,,,,,,,,,,,,,,,,,,,,,,,,,,,,,,,,,,,,,,,,,,,,,,,,,,,,,,,,,,,,,,,ZIP,530.0,270.0,260.0,,,,,,,,,,,,,,,,,,,,,,
generalisation_results,XGBoost,0.9525,0.9132,1.0,0.9547,,,,,1.0,,,,,,,,,,,,,,,,,,,,,,,,,,,,,,,,,,,,,,,,,,,,,,,,,,,,,,,,,,,,,,,,,,,,APK,400.0,200.0,200.0,,,,,,,,,,,,,,,,,,,,,,
generalisation_results,Transformer,1.0,1.0,1.0,1.0,,,,,1.0,,,,,,,,,,,,,,,,,,,,,,,,,,,,,,,,,,,,,,,,,,,,,,,,,,,,,,,,,,,,,,,,,,,,APK,400.0,200.0,200.0,,,,,,,,,,,,,,,,,,,,,,
generalisation_results,XGBoost,0.57,1.0,0.14,0.2456,,,,,0.985,,,,,,,,,,,,,,,,,,,,,,,,,,,,,,,,,,,,,,,,,,,,,,,,,,,,,,,,,,,,,,,,,,,,RAR,400.0,200.0,200.0,,,,,,,,,,,,,,,,,,,,,,
generalisation_results,Transformer,0.5,0.5,1.0,0.6667,,,,,0.2031,,,,,,,,,,,,,,,,,,,,,,,,,,,,,,,,,,,,,,,,,,,,,,,,,,,,,,,,,,,,,,,,,,,,RAR,400.0,200.0,200.0,,,,,,,,,,,,,,,,,,,,,,
generalisation_results,XGBoost,0.79,1.0,0.58,0.7342,,,,,1.0,,,,,,,,,,,,,,,,,,,,,,,,,,,,,,,,,,,,,,,,,,,,,,,,,,,,,,,,,,,,,,,,,,,,7z,400.0,200.0,200.0,,,,,,,,,,,,,,,,,,,,,,
generalisation_results,Transformer,0.5,0.5,1.0,0.6667,,,,,0.2083,,,,,,,,,,,,,,,,,,,,,,,,,,,,,,,,,,,,,,,,,,,,,,,,,,,,,,,,,,,,,,,,,,,,7z,400.0,200.0,200.0,,,,,,,,,,,,,,,,,,,,,,
generalisation_results,XGBoost-calibrated,0.68,1.0,0.36,0.5294,,,,,0.985,,,,,,,,,,,,,,,,,,,,,,,,,,,,,,,,,,,,,,,,,,,,,,,,,,,,,,,,,,,,,,,,,,,,RAR (t=0.15),400.0,200.0,200.0,,,,,,,,,,,,,,,,,,,,,,
generalisation_results,XGBoost-calibrated,0.8825,1.0,0.765,0.8669,,,,,1.0,,,,,,,,,,,,,,,,,,,,,,,,,,,,,,,,,,,,,,,,,,,,,,,,,,,,,,,,,,,,,,,,,,,,7z (t=0.25),400.0,200.0,200.0,,,,,,,,,,,,,,,,,,,,,,
hard_test_comparison,Model A - Synthetic-trained,1.0,1.0,1.0,1.0,32.0,0.0,239.0,0.0,1.0,,,,,,,,,,,,,,,,,,,,,,,,,,,,,,,,,,,,,,,,,,,,,,,,,,,,,,,,,,,,,,,,,,,,,,,,,,,,,,,,,,,,,,,,,,,,,
hard_test_comparison,Model B - Real-trained,1.0,1.0,1.0,1.0,32.0,0.0,239.0,0.0,1.0,,,,,,,,,,,,,,,,,,,,,,,,,,,,,,,,,,,,,,,,,,,,,,,,,,,,,,,,,,,,,,,,,,,,,,,,,,,,,,,,,,,,,,,,,,,,,
hard_test_comparison,Model C - Mixed,1.0,1.0,1.0,1.0,32.0,0.0,239.0,0.0,1.0,,,,,,,,,,,,,,,,,,,,,,,,,,,,,,,,,,,,,,,,,,,,,,,,,,,,,,,,,,,,,,,,,,,,,,,,,,,,,,,,,,,,,,,,,,,,,
three_model_comparison,Model A (Synthetic),1.0,1.0,1.0,1.0,,,,,1.0,,,,,,,,,,,,,,,,,,,,,,,,,,,,,,,,,,,,,,,,,,,,,,,,,,,,,,,,,,,,,,,,,,,,,,,,,,,,,,,,,,,,,,,,,,,,,
three_model_comparison,Model B (Real only),1.0,1.0,1.0,1.0,,,,,1.0,,,,,,,,,,,,,,,,,,,,,,,,,,,,,,,,,,,,,,,,,,,,,,,,,,,,,,,,,,,,,,,,,,,,,,,,0.9692,0.9169-1.0215,,,,,,,,,,,,,,,,,,,,
three_model_comparison,Model C (Mixed),1.0,1.0,1.0,1.0,,,,,1.0,,,,,,,,,,,,,,,,,,,,,,,,,,,,,,,,,,,,,,,,,,,,,,,,,,,,,,,,,,,,,,,,,,,,,,,,1.0,nan-nan,,,,,,,,,,,,,,,,,,,,
table_external_benign_validation,,,,,,,,,,,,,,,,,,,,,,,,,,,,,,,,,,,,,,,,,,,,,,,,,,,,,,,,,,,,,,,,,,,,,,,,,,,,,,,,,,,,black-21.5b0.zip,1156.9677734375,0.0,0.9999991340989371,8.659010628688423e-07,0.0,,,,,,,,,,,,,,
table_external_benign_validation,,,,,,,,,,,,,,,,,,,,,,,,,,,,,,,,,,,,,,,,,,,,,,,,,,,,,,,,,,,,,,,,,,,,,,,,,,,,,,,,,,,,click-8.0.1.zip,362.712890625,0.0,0.999999219791984,7.802080161312942e-07,0.0,,,,,,,,,,,,,,
table_external_benign_validation,,,,,,,,,,,,,,,,,,,,,,,,,,,,,,,,,,,,,,,,,,,,,,,,,,,,,,,,,,,,,,,,,,,,,,,,,,,,,,,,,,,,flask-1.1.2.zip,696.1923828125,0.0,0.9999990788850948,9.211149051415588e-07,0.0,,,,,,,,,,,,,,
table_external_benign_validation,,,,,,,,,,,,,,,,,,,,,,,,,,,,,,,,,,,,,,,,,,,,,,,,,,,,,,,,,,,,,,,,,,,,,,,,,,,,,,,,,,,,numpy-1.19.5.zip,7390.7216796875,0.0,0.9999990135753422,9.864246578486834e-07,0.0,,,,,,,,,,,,,,
table_external_benign_validation,,,,,,,,,,,,,,,,,,,,,,,,,,,,,,,,,,,,,,,,,,,,,,,,,,,,,,,,,,,,,,,,,,,,,,,,,,,,,,,,,,,,pandas-1.2.4.zip,9771.7587890625,0.0,0.9999990135753422,9.864246578486834e-07,0.0,,,,,,,,,,,,,,
table_external_benign_validation,,,,,,,,,,,,,,,,,,,,,,,,,,,,,,,,,,,,,,,,,,,,,,,,,,,,,,,,,,,,,,,,,,,,,,,,,,,,,,,,,,,,pydantic-1.8.2.zip,386.9716796875,0.0,0.999999236431024,7.635689760976293e-07,0.0,,,,,,,,,,,,,,
table_external_benign_validation,,,,,,,,,,,,,,,,,,,,,,,,,,,,,,,,,,,,,,,,,,,,,,,,,,,,,,,,,,,,,,,,,,,,,,,,,,,,,,,,,,,,pytest-6.2.4.zip,1306.3466796875,0.0,0.9999991340989371,8.659010628688423e-07,0.0,,,,,,,,,,,,,,
table_external_benign_validation,,,,,,,,,,,,,,,,,,,,,,,,,,,,,,,,,,,,,,,,,,,,,,,,,,,,,,,,,,,,,,,,,,,,,,,,,,,,,,,,,,,,requests-2.25.1.zip,3660.41796875,0.0,0.9999990135753422,9.864246578486834e-07,0.0,,,,,,,,,,,,,,
table_leave_one_family_out,,,1.0,0.9852941176470588,,,,,,,,,,,,,,,,,,,,,,,,,67.0,0.0,1.0,1245.0,,,,,,,,,,,,,,,,,,,,,,,,,,,,,,,,,,,,,,,,,,,,,,,,,,,,,,,,,,Gootloader,4399.0,68.0,1245.0,0.0,,,,,,,,,
table_leave_one_family_out,,,1.0,0.35,,,,,,,,,,,,,,,,,,,,,,,,,7.0,0.0,13.0,1245.0,,,,,,,,,,,,,,,,,,,,,,,,,,,,,,,,,,,,,,,,,,,,,,,,,,,,,,,,,,Entropy,4447.0,20.0,1245.0,0.0,,,,,,,,,
table_real_only_ablation,,,,1.0,,,,,,,None (full model),---,,,,,,,,,,,,,,,,,,,,,,,,,,,,,,,,,,,,,,,,,,,,,,,,,,,,,,,,,,,,,,,,,,,,,,,,,,,,,,,,,,,,,,,,,,,
table_real_only_ablation,,,,1.0,,,,,,,Entropy features,"data_entropy_shannon, data_entropy_renyi, declared_vs_entropy_flag",0.0,,,,,,,,,,,,,,,,,,,,,,,,,,,,,,,,,,,,,,,,,,,,,,,,,,,,,,,,,,,,,,,,,,,,,,,,,,,,,,,,,,,,,,,,,,
table_real_only_ablation,,,,0.8888888888888888,,,,,,,Suspicious entry group,"method_mismatch, suspicious_entry_count, suspicious_entry_ratio",-0.1111111111111111,,,,,,,,,,,,,,,,,,,,,,,,,,,,,,,,,,,,,,,,,,,,,,,,,,,,,,,,,,,,,,,,,,,,,,,,,,,,,,,,,,,,,,,,,,
table_real_only_ablation,,,,1.0,,,,,,,Header method fields,"lf_compression_method, cd_compression_method",0.0,,,,,,,,,,,,,,,,,,,,,,,,,,,,,,,,,,,,,,,,,,,,,,,,,,,,,,,,,,,,,,,,,,,,,,,,,,,,,,,,,,,,,,,,,,
table_real_only_ablation,,,,1.0,,,,,,,CRC mismatch,any_crc_mismatch,0.0,,,,,,,,,,,,,,,,,,,,,,,,,,,,,,,,,,,,,,,,,,,,,,,,,,,,,,,,,,,,,,,,,,,,,,,,,,,,,,,,,,,,,,,,,,
table_real_only_ablation,,,,1.0,,,,,,,EOCD count,eocd_count,0.0,,,,,,,,,,,,,,,,,,,,,,,,,,,,,,,,,,,,,,,,,,,,,,,,,,,,,,,,,,,,,,,,,,,,,,,,,,,,,,,,,,,,,,,,,,
table_real_only_ablation,,,,1.0,,,,,,,Encryption flag,is_encrypted,0.0,,,,,,,,,,,,,,,,,,,,,,,,,,,,,,,,,,,,,,,,,,,,,,,,,,,,,,,,,,,,,,,,,,,,,,,,,,,,,,,,,,,,,,,,,,
table_synthetic_train_real_test,,,0.9746835443037974,0.8651685393258427,,,,,,,,,,,,,,,,,,,,,,,,,77.0,2.0,12.0,1243.0,,,,,,,,,,,,,,,,,,,,,,,,,,,,,,,,,,,,,,,,,,,,,,,,,,,,,,,,,,,,,,0.0016064257028112,Synthetic only,"Real world (1,366)",,,,,,,
table_synthetic_real_feature_alignment,,,,,,,,,,,,,,,,,,,,,,,,,,,,,,,,,,suspicious_entry_count,,,,,,,,,,,,,,,,,,,,,,,,,,,,,,,,,,,,,,,,,,,,,,,,,,,,,,,,,,,,,,,0.8612759643916914,0.370518328636417,231.47191011235955,353.3049766339684,0.9349181475677658,2.968729160314628e-92,230.61063414796783
table_synthetic_real_feature_alignment,,,,,,,,,,,,,,,,,,,,,,,,,,,,,,,,,,suspicious_entry_ratio,,,,,,,,,,,,,,,,,,,,,,,,,,,,,,,,,,,,,,,,,,,,,,,,,,,,,,,,,,,,,,,0.0504846439169139,0.0311066943491297,0.8694303370786517,0.290751631297459,0.9276081085586636,2.5508242367983027e-89,0.8189456931617377
table_synthetic_real_feature_alignment,,,,,,,,,,,,,,,,,,,,,,,,,,,,,,,,,,data_entropy_shannon,,,,,,,,,,,,,,,,,,,,,,,,,,,,,,,,,,,,,,,,,,,,,,,,,,,,,,,,,,,,,,,7.450869807121663,0.5594579431062808,7.906364044943819,0.8428224091194866,0.8633931250625145,3.959526300723646e-70,0.4554942378221565
table_synthetic_real_feature_alignment,,,,,,,,,,,,,,,,,,,,,,,,,,,,,,,,,,cd_compression_method,,,,,,,,,,,,,,,,,,,,,,,,,,,,,,,,,,,,,,,,,,,,,,,,,,,,,,,,,,,,,,,20.772997032640948,32.52609699876832,1.6067415730337078,10.87995577643864,0.7640449438202247,1.1852345510659888e-50,19.16625545960724
table_synthetic_real_feature_alignment,,,,,,,,,,,,,,,,,,,,,,,,,,,,,,,,,,data_entropy_renyi,,,,,,,,,,,,,,,,,,,,,,,,,,,,,,,,,,,,,,,,,,,,,,,,,,,,,,,,,,,,,,,6.064642655786351,1.8764478425272029,7.182902247191012,2.40922521262822,0.7631197279365185,1.6687772146502658e-50,1.1182595914046614
table_synthetic_real_feature_alignment,,,,,,,,,,,,,,,,,,,,,,,,,,,,,,,,,,eocd_count,,,,,,,,,,,,,,,,,,,,,,,,,,,,,,,,,,,,,,,,,,,,,,,,,,,,,,,,,,,,,,,1.4510385756676558,1.434982745270508,225.1011235955056,356.51124901311994,0.6563698196245791,1.805279486526092e-35,223.65008501983797
table_synthetic_real_feature_alignment,,,,,,,,,,,,,,,,,,,,,,,,,,,,,,,,,,any_crc_mismatch,,,,,,,,,,,,,,,,,,,,,,,,,,,,,,,,,,,,,,,,,,,,,,,,,,,,,,,,,,,,,,,0.7781899109792285,0.4154640458925043,0.1348314606741573,0.3415434641251834,0.6433584503050712,6.5167744928339715e-34,0.6433584503050712
table_synthetic_real_feature_alignment,,,,,,,,,,,,,,,,,,,,,,,,,,,,,,,,,,method_mismatch,,,,,,,,,,,,,,,,,,,,,,,,,,,,,,,,,,,,,,,,,,,,,,,,,,,,,,,,,,,,,,,0.6305637982195845,0.482652146576057,0.0,0.0,0.6305637982195845,1.9282123991380783e-32,0.6305637982195845
table_synthetic_real_feature_alignment,,,,,,,,,,,,,,,,,,,,,,,,,,,,,,,,,,lf_compression_method,,,,,,,,,,,,,,,,,,,,,,,,,,,,,,,,,,,,,,,,,,,,,,,,,,,,,,,,,,,,,,,16.915430267062316,34.241379593219044,8.393258426966293,9.89565558692365,0.4777281365651985,5.571572646391239e-18,8.522171840096023
table_synthetic_real_feature_alignment,,,,,,,,,,,,,,,,,,,,,,,,,,,,,,,,,,declared_vs_entropy_flag,,,,,,,,,,,,,,,,,,,,,,,,,,,,,,,,,,,,,,,,,,,,,,,,,,,,,,,,,,,,,,,0.2893175074183976,0.4534455726099915,0.0674157303370786,0.2507406022968697,0.2219017770813189,0.0004301899080224,0.2219017770813189
table_synthetic_real_feature_alignment,,,,,,,,,,,,,,,,,,,,,,,,,,,,,,,,,,lf_unknown_method,,,,,,,,,,,,,,,,,,,,,,,,,,,,,,,,,,,,,,,,,,,,,,,,,,,,,,,,,,,,,,,0.1483679525222551,0.3554643486857845,0.0224719101123595,0.1482124264974485,0.1258960424098956,0.1294177301515877,0.1258960424098956
table_synthetic_real_feature_alignment,,,,,,,,,,,,,,,,,,,,,,,,,,,,,,,,,,is_encrypted,,,,,,,,,,,,,,,,,,,,,,,,,,,,,,,,,,,,,,,,,,,,,,,,,,,,,,,,,,,,,,,0.1468842729970326,0.3539905130694406,0.0337078651685393,0.180476161845045,0.1131764078284933,0.2171453169079077,0.1131764078284933
