filename,label,signal,split
45aaa5b97bad98ea0b13.zip,1,entropy,train
d5f6220d2e6a598e6705.zip,1,gootloader,train
1e3af6f8a9428ec66d69.zip,1,gootloader,train
c2058efc76f1e7a71e05.zip,1,gootloader,train
0fc9d3a5423558bb9375.zip,1,gootloader,train
60c1382a6b4426983fec.zip,1,gootloader,train
6ed0630e3d5e66884426.zip,1,gootloader,train
2c5d1d736ac09abf9e9c.zip,1,gootloader,train
6c35499edd0eba276891.zip,1,gootloader,train
4ba3a8a29a4adaf21f30.zip,1,entropy,train
1690a37101bb540d7224.zip,1,gootloader,train
ddf4ed8a06b6576244f7.zip,1,gootloader,train
3d6a310bf4f24fccf01c.zip,1,gootloader,train
3009c78448fb115e11ce.zip,1,gootloader,train
d447f6c43b9519c77aa7.zip,1,entropy,train
3d39b187816419d657ab.zip,1,gootloader,train
7e24150f14400d169eb5.zip,1,gootloader,train
25f8eda7b47feae06fd0.zip,1,gootloader,train
390cfd939ca6f9da74e8.zip,1,gootloader,train
0d34870cc8150d0977ab.zip,1,gootloader,train
2e3e8e4694c056508944.zip,1,entropy,train
5708abf69a3953d1f9ed.zip,1,gootloader,train
1856d7650f29c9500fce.zip,1,gootloader,train
c73b75636319d0647bb2.zip,1,entropy,train
12b3cfb959b03997387e.zip,1,entropy,train
f43e62b58f2fffe52fcf.zip,1,gootloader,train
4e9b0f6ab987c7867ed2.zip,1,gootloader,train
f0bc72f924a69b49ad49.zip,1,gootloader,train
86fbce191248bcc124b1.zip,1,entropy,train
fed027dcc027fa6862e9.zip,1,gootloader,train
818f0e9d00102e8116e4.zip,1,entropy,train
682fc4f4c9884dc64b70.zip,1,gootloader,train
75b680572fe7d8decde1.zip,1,entropy,train
cb787d9673f15aa634d2.zip,1,gootloader,train
6cd782d30b7e1dda740e.zip,1,gootloader,train
a524c58a228c7b09d63a.zip,1,gootloader,train
9a13e42373f5320119df.zip,1,gootloader,train
fdefb311f41a7978c7a6.zip,1,gootloader,train
ea47cebe2fbbf06c22b9.zip,1,entropy,train
604a0e724618a03d5db5.zip,1,entropy,train
93fa78d3a546ec719081.zip,1,gootloader,train
7387388d493096cb5fab.zip,1,gootloader,train
e5a7f675717eefdf6455.zip,1,gootloader,train
9045ace6571b508721b0.zip,1,entropy,train
478c33a64d55fcce7c03.zip,1,entropy,train
f1c5d5c9c842db91fd1c.zip,1,gootloader,train
956e81175aec4571cbed.zip,1,gootloader,train
9b2b9e919208b2a60156.zip,1,gootloader,train
db6b38ca6fcc1385c11d.zip,1,gootloader,train
510e16fc319eadbf4090.zip,1,gootloader,train
415fdb9543cc9475caf9.zip,1,gootloader,train
09a13bcae7a29d359a14.zip,1,gootloader,train
794883918d9dff93db8b.zip,1,gootloader,train
369a079956e89b337f79.zip,1,entropy,train
0a29042e7fe4c834c268.zip,1,gootloader,train
3781fb97fb7c2da0b693.zip,1,gootloader,train
ec0a51bf2ac7912ca045.zip,1,gootloader,train
c7fde2845158a1b1b466.zip,1,gootloader,train
edcebe5e2b1b0e988d6d.zip,1,gootloader,train
e865ae5bef4f5c55aa09.zip,1,gootloader,train
3180b97a80123e8fdfd2.zip,1,entropy,train
9743fd92fead573fff5d.zip,1,gootloader,train
c4311c312a408513d2a0.zip,1,gootloader,train
27f68595e33a4596f653.zip,1,gootloader,train
781c95ee87e5d9f5ab67.zip,1,entropy,train
849d06de86ac24796d56.zip,1,gootloader,val
2e46b1a79a8d8fc7366f.zip,1,gootloader,val
41ace9d7638c6a482fde.zip,1,gootloader,val
c6e960401b9adbef4e1c.zip,1,gootloader,val
b0fffc6644fe612a8c96.zip,1,gootloader,val
49bde7a75139bbf4d7ef.zip,1,gootloader,val
752681ddd88ecd818927.zip,1,entropy,val
b88ea704c02627709c6f.zip,1,gootloader,val
29f63a267bd8e4c687a8.zip,1,gootloader,val
b4477c5d31568619cf2c.zip,1,entropy,val
e8f788ebef650dfbd9f4.zip,1,gootloader,val
233a511f9ec3e634786e.zip,1,gootloader,val
a905be90fb26cc410c1a.zip,1,gootloader,val
5d1c09fb849ab127990a.zip,1,entropy,val
695af1fa1e6492496c72.zip,1,entropy,test
1f442f574b1b87ab1083.zip,1,other,test
1f1488888f63b039ace1.zip,1,gootloader,test
b6a12186538d11049838.zip,1,gootloader,test
5d6433cc03d11daac1bb.zip,1,gootloader,test
fbc71b214f4e8684b2ca.zip,1,entropy,test
3e4d3879fe64dd0b825a.zip,1,gootloader,test
d7b7cc13e0994509efc0.zip,1,entropy,test
4d3f539a225854995af6.zip,1,entropy,test
9a5409c52b1a4e878ca2.zip,1,gootloader,test
0f66bcdf70104d59e87e.zip,1,gootloader,test
36b76204518245f15bed.zip,1,gootloader,test
02b858299c240c40186d.zip,1,gootloader,test
3d5649f676861cb8cee8.zip,1,entropy,test
707412d4a2cdfc91920d.zip,0,none,train
6bd13eb3a9f3fe5eb5a3.zip,0,none,train
82eb565c199670fa721f.zip,0,none,train
ba87b1baaf6ea7ff7317.zip,0,none,train
a1c32b08f4ee0b686721.zip,0,none,train
5ab0faa4accdcefdc407.zip,0,none,train
492fa63f1fd2e8a0d216.zip,0,none,train
2c13de78854b6c71ed67.zip,0,none,train
69cc84bbc92d8a99b73f.zip,0,none,train
d826695164dcb93ef522.zip,0,none,train
91785594d509c18bef5d.zip,0,none,train
5be72f697fbb6a27f0cc.zip,0,none,train
0cc55f947801e4e6e748.zip,0,none,train
dcaaf09dac47751976d1.zip,0,none,train
0cdd961981cf2bf3e0c2.zip,0,none,train
7ecede4cd9f5cfce841b.zip,0,none,train
2873eb36c394d35bc47e.zip,0,none,train
02f862bf8def7e9d797c.zip,0,none,train
707405c60f6a7947d453.zip,0,none,train
9286279a67d746500671.zip,0,none,train
39806d1b0591b9df1224.zip,0,none,train
651e763c3c6734ee920c.zip,0,none,train
ac939b769fea3d7d091e.zip,0,none,train
e6a7577db760985f29d8.zip,0,none,train
97ff920a5467a5bc22b8.zip,0,none,train
99dc774c56bfda9155ab.zip,0,none,train
f1e1a2c48d33d7e02489.zip,0,none,train
6f2bc44adba358829285.zip,0,none,train
770acbf50264d86c4348.zip,0,none,train
d6a9c96ec8cf79c8c12d.zip,0,none,train
ee9cd3156a428f539e8b.zip,0,none,train
50d21cbab0ba0bc1aba5.zip,0,none,train
e4060fb18dc3308a7105.zip,0,none,train
dee221213a26ae87d2d2.zip,0,none,train
35e986e4db2f5172550e.zip,0,none,train
bfe7383e8a5bff984d05.zip,0,none,train
44bd317892e1959245bb.zip,0,none,train
2e5c8c66e497bf7ca627.zip,0,none,train
eb82a4ed8eadd1876378.zip,0,none,train
f55fa9e6a019478bcc47.zip,0,none,train
004eef8d5cb25e56f032.zip,0,none,train
00c86e1a2920dd86e095.zip,0,none,train
d804205133e447b5d684.zip,0,none,train
3be8e74c1b43ab19ca9f.zip,0,none,train
dce044b5cbdfa6e71c0b.zip,0,none,train
68f08175b198fff06bb2.zip,0,none,train
6d9ab5cdbabb74b94e3e.zip,0,none,train
8c4f18f8d5b54d547026.zip,0,none,train
c60190fca061a55eac41.zip,0,none,train
2918032e6903dc2ec091.zip,0,none,train
67dff4cb3d646d5f956b.zip,0,none,train
055ed8b9b496eaae21be.zip,0,none,train
f737905e5ae1ddf60d79.zip,0,none,train
9417811199df0b4d9819.zip,0,none,train
9485563b4617b7aec266.zip,0,none,train
b3ae22f8a008ffac65d7.zip,0,none,train
6b0309b527fc227aba19.zip,0,none,train
6aca56801c91fc2e1b05.zip,0,none,train
a598c83e59fd5d5f5ca1.zip,0,none,train
79a12d894597cdd3fc4b.zip,0,none,train
43bd666e7c81048d108e.zip,0,none,train
e1d80f58b3f9f431d0c2.zip,0,none,train
8afdf5e18e026ac8748a.zip,0,none,train
329d527bb09dcb8663c7.zip,0,none,train
386f1ee529d53f4a4b1a.zip,0,none,train
04f7bb361f51cc69a8eb.zip,0,none,train
408e8de007617aef0e6a.zip,0,none,train
6020fb5c65d14ff7765b.zip,0,none,train
09a836f0ed404b0390f9.zip,0,none,train
3db3173707a420f70f1b.zip,0,none,train
12ba809dc008a816adc7.zip,0,none,train
b79f9bab67d99440daf3.zip,0,none,train
0b6c379601e87747c6f8.zip,0,none,train
755fecb27c1030575856.zip,0,none,train
28ef0ef0fc61ff8205ea.zip,0,none,train
1537d3bf183a1e010de6.zip,0,none,train
7ebe6cabf4382fb56c33.zip,0,none,train
aa943c02f06f0fa00435.zip,0,none,train
745cf43128541f1a20d5.zip,0,none,train
0d5d19893a502832c451.zip,0,none,train
4ce257e3708ad2d5d0cf.zip,0,none,train
8a192189174cdd3f2a33.zip,0,none,train
a98d898f362e3460a7a3.zip,0,none,train
bccce8c650b3bf8db415.zip,0,none,train
52b7b291ae5a72b7384c.zip,0,none,train
dc3f86b4ee6e29b1d85e.zip,0,none,train
d051fb66fb617249f6db.zip,0,none,train
b5639cd5e7b3aac7e612.zip,0,none,train
7ceee3681d1bdd140496.zip,0,none,train
d82ccaa7f89b8a3a3d65.zip,0,none,train
677fd8a59b7897a7ec72.zip,0,none,train
d431b779a2d455bf3050.zip,0,none,train
3ecdbea88e15347695d1.zip,0,none,train
bdd35297d223c8f521eb.zip,0,none,train
fbdbc5ee14de706b55e4.zip,0,none,train
3d59e57413d6cd09f1ab.zip,0,none,train
c10ca0e60e3b9db87b73.zip,0,none,train
bf29400b025925beb0ed.zip,0,none,train
59f406b6f77558fa0508.zip,0,none,train
772d7387e72b3512b6c5.zip,0,none,train
df527d587be07bc4d4e7.zip,0,none,train
dc58fb03e97bc7862101.zip,0,none,train
6fa4f693d92d5d19aef5.zip,0,none,train
956696a9a01e3fefeb0a.zip,0,none,train
0bedf4a9f7705a77e9c1.zip,0,none,train
52c1d95fd3446c8ef9c8.zip,0,none,train
a26547867c912d5a29a7.zip,0,none,train
10a90982937520e86fe4.zip,0,none,train
c69760de722af5321f6f.zip,0,none,train
614a1489f6a19d80b1ed.zip,0,none,train
4312cfd4f7d24f5ddc24.zip,0,none,train
23f7def782279a5c58ab.zip,0,none,train
36863d350e244c5ae124.zip,0,none,train
c1a05817b406a8f053a8.zip,0,none,train
b5ae2cbe978d7b9b4953.zip,0,none,train
4466ac100d6260c77cec.zip,0,none,train
f82bf011b377fb506c2d.zip,0,none,train
bee1fe7dfd86ae4d8a52.zip,0,none,train
bff428980ab3d428fcae.zip,0,none,train
76859b58f621d467d7a9.zip,0,none,train
d34c318ebc6001bb307e.zip,0,none,train
d5421a285a83f89ffe75.zip,0,none,train
a36a352c184b7e8b5cd5.zip,0,none,train
2143368388a014b4f6ef.zip,0,none,train
920971e8658cea884323.zip,0,none,train
6812b58fb92112af1707.zip,0,none,train
13a2dbe12e09bbd1a49d.zip,0,none,train
45faa3b3b016a9947b6a.zip,0,none,train
5902c179ab2a7e353759.zip,0,none,train
2f61af1e01f494b9a953.zip,0,none,train
ee36d484b6bda6931ad1.zip,0,none,train
886c5db95a8b2929c16c.zip,0,none,train
257e5113d24e7161b7af.zip,0,none,train
78a21ccf48427922d139.zip,0,none,train
ba3ef13ae68c331aa100.zip,0,none,train
933ab2ea957bed9ee1ef.zip,0,none,train
e4a69c62abb1e382406e.zip,0,none,train
f70646fbaa690b0b9b14.zip,0,none,train
6b5951825a873673c712.zip,0,none,train
215ef74bce9aa7fc7651.zip,0,none,train
17f687a0e55baf5ba896.zip,0,none,train
90592e8f68afd56e897b.zip,0,none,train
0ed83619572411b2f6fb.zip,0,none,train
b68a680ba87e80cb05c4.zip,0,none,train
692156d0eedc173f8790.zip,0,none,train
5eb30a03a2a00086a9a3.zip,0,none,train
1d9cf842d69fde96cb08.zip,0,none,train
317b2ab55af867ae9776.zip,0,none,train
3afaad2fab618e4447b1.zip,0,none,train
aef7311de588ebeacd98.zip,0,none,train
6a1b4714aaa4bb9fee0f.zip,0,none,train
3fe83fff9b65ce5f02a5.zip,0,none,train
11a1c4e5911cff34d433.zip,0,none,train
6cf5a6e70bd07b1e787a.zip,0,none,train
e3116539eb304f7f4b3a.zip,0,none,train
b963a90730a0ac04e07f.zip,0,none,train
ad2b4abd2229a623f4b3.zip,0,none,train
9d41e3f0ce13af6c6849.zip,0,none,train
9b394bd37f4c4c1b1096.zip,0,none,train
e88a3d049f60d33bdc9f.zip,0,none,train
3a427a7551be62498c3c.zip,0,none,train
d562b14b6ede7e262e75.zip,0,none,train
490d3c6648e48e98b4ae.zip,0,none,train
2e4c66d75b546ca6b090.zip,0,none,train
babdb113a84edebfac5e.zip,0,none,train
a12be6bc802e95b00bf7.zip,0,none,train
3a8dbac5bc8e776e6c69.zip,0,none,train
b1235570c40fc3269f9e.zip,0,none,train
d3e448c854e0090da272.zip,0,none,train
318e615ef55cec912da0.zip,0,none,train
ae1fc5366d4774e2384f.zip,0,none,train
dfaade073408475f3728.zip,0,none,train
0d4db4f9d55ac6c03b64.zip,0,none,train
1169d00e2a1d575b5ea8.zip,0,none,train
7c4e69d9625e26ceb847.zip,0,none,train
064b3b58714cc6c75c55.zip,0,none,train
b08427996ef2eca21964.zip,0,none,train
570dc39b3d2faa1a7aa8.zip,0,none,train
55ae12e61dc96a1a8446.zip,0,none,train
cc3094fed490a00633db.zip,0,none,train
8467a750342aae84820f.zip,0,none,train
9b6a017bbb3c8ffe5beb.zip,0,none,train
0e740d99b06ad4283022.zip,0,none,train
0fc4316b39b72356d253.zip,0,none,train
b8e78da81e42ca0093ac.zip,0,none,train
0eed8f86ea1be7f01f9b.zip,0,none,train
58ad3ba93268a86095e9.zip,0,none,train
e0191873cbd7a3c1c565.zip,0,none,train
d71653aea6b2669ad64c.zip,0,none,train
53b8f3de59efb906577f.zip,0,none,train
85be7eb26945d342a01b.zip,0,none,train
cfe7fe460ee3b9f39016.zip,0,none,train
4be1c00417b84a92f73c.zip,0,none,train
e5c1e52d745db5aacf22.zip,0,none,train
9bf1a0e1ca27f5f997a7.zip,0,none,train
92fde3e9eb1e66a064b1.zip,0,none,train
125f08d47950d9c21999.zip,0,none,train
ec71b4a2b761bd05a3d4.zip,0,none,train
8a27165310be30ff4a94.zip,0,none,train
0c1b8c2a1f0cd5970ed4.zip,0,none,train
36f176fdae8c761fc3ff.zip,0,none,train
95a088cf911af2728a40.zip,0,none,train
2ea81a12583ac23bf3ff.zip,0,none,train
2bb08be78bd148b44af4.zip,0,none,train
18dcdd9bfc97f40cff66.zip,0,none,train
ee6e5ae550d74ba3367a.zip,0,none,train
46a3d6c66411d1a263a2.zip,0,none,train
150e2b307d306d8730f6.zip,0,none,train
b96796001dcdb53960d8.zip,0,none,train
31e147637e9820b92470.zip,0,none,train
f726727cc82cbcd7242e.zip,0,none,train
020bd1927b01e8dce8c3.zip,0,none,train
57536477c651a5e8cc22.zip,0,none,train
cabc7236553558d6339c.zip,0,none,train
788a8d6c0a06ee6685ae.zip,0,none,train
4922dd095abc35755243.zip,0,none,train
ac0a1cf3cd79aa907c91.zip,0,none,train
d2c405764020c4d9eb5a.zip,0,none,train
6ed00a2a5dfd26419400.zip,0,none,train
5923bca62a5df9e12255.zip,0,none,train
ec783e5f90618826fa5f.zip,0,none,train
18c23af0a13f33bf05bb.zip,0,none,train
62e9a5af461b02c0cd25.zip,0,none,train
ed1fbcd1578bc31dcc6c.zip,0,none,train
6a40828293618d7f4a94.zip,0,none,train
2095282644f47c78e246.zip,0,none,train
f76c96f021d530899c73.zip,0,none,train
f2e6e256c7fe6ed05aaa.zip,0,none,train
8438567f52cfa8c933c8.zip,0,none,train
fff627c3824ca1739c94.zip,0,none,train
019f2ce8b04de47d6abc.zip,0,none,train
7d9e501b578a7cfe2a1c.zip,0,none,train
c1b8893205ca5dc17ea4.zip,0,none,train
4413f9821bb2ee7b2aec.zip,0,none,train
3f2c3c5e7f91a784e978.zip,0,none,train
b8e85bdee75146bdab15.zip,0,none,train
bf7a342dedc66965c398.zip,0,none,train
3308ebc315e83026e1a8.zip,0,none,train
dd8fab01447e8fbd8418.zip,0,none,train
cff7cd33f30f0f5d9818.zip,0,none,train
e8fb02bcabf19f290010.zip,0,none,train
8961fa7e7c707703564e.zip,0,none,train
bf2e6a4dc5fd1144c6d6.zip,0,none,train
67b1b99b639495a8d6b7.zip,0,none,train
bc3499ddf8df48a5b1a9.zip,0,none,train
f9c355171701bdaa99b1.zip,0,none,train
ab0a8be81a768eb60d55.zip,0,none,train
f2603987539e8bc1c677.zip,0,none,train
5440ef7c6c68066efe9e.zip,0,none,train
68a5355c9115ac103b70.zip,0,none,train
2bda432186f327b557f1.zip,0,none,train
2cecc960f38884f35083.zip,0,none,train
e23585aefbb887977440.zip,0,none,train
28bdcc80edf51591f6fd.zip,0,none,train
0ec26ddc8f9b29b776ea.zip,0,none,train
19c2642c1066e9e1c039.zip,0,none,train
dcbf1704135a9897a888.zip,0,none,train
a087a00ed18f79dad607.zip,0,none,train
add6586dfcd53b47a45a.zip,0,none,train
17018352204b04c4ac12.zip,0,none,train
d32a81b82c1bb601dffc.zip,0,none,train
4cb3fc50e4ef660ef274.zip,0,none,train
b25476b49b9cadc2e1d4.zip,0,none,train
647171151cb8dfa68069.zip,0,none,train
cd3b9504a4ac16d58634.zip,0,none,train
639dfb1caa6f8a5ffc5d.zip,0,none,train
9f88b0909a18f27a6b78.zip,0,none,train
4281cce41abb374a3d25.zip,0,none,train
48f1bc4e1126fe07e310.zip,0,none,train
0001b42d69b645940e80.zip,0,none,train
446c379c284b9dcbbae2.zip,0,none,train
f1738322af8708807d1b.zip,0,none,train
5dc6b47a06d9e0d60596.zip,0,none,train
b3288ff429fa0e19f371.zip,0,none,train
f68ff5a4c3afc2834dfe.zip,0,none,train
ab9fb1ba345ec305646f.zip,0,none,train
91692edbc7d9c520d835.zip,0,none,train
1efaaebda423a6368eeb.zip,0,none,train
57b12363324e41b2eee5.zip,0,none,train
16094ba5ffa6f976bee4.zip,0,none,train
91a73f4523bea6ace0fe.zip,0,none,train
687659edaab6a372de69.zip,0,none,train
10904237abcd84fb956f.zip,0,none,train
f83a3972174cef2c6fcf.zip,0,none,train
21346147ef9a7f8f2065.zip,0,none,train
cc2b74f4fba0b734a545.zip,0,none,train
4d833dc3b10e15a98296.zip,0,none,train
31ef31f8a29222ab8e06.zip,0,none,train
0d06b42a2f780cd8e9be.zip,0,none,train
16e2961911a8c5ce6543.zip,0,none,train
39e2ebce4721fdee15c0.zip,0,none,train
98ade9bf9ee00cb5efbb.zip,0,none,train
3eddeec7bfb09cd83f0e.zip,0,none,train
fad45a5675ea1f1c30c9.zip,0,none,train
b60ad21506c83a913fbd.zip,0,none,train
628485a140d84da6f123.zip,0,none,train
95d82bc209a1a52aa950.zip,0,none,train
452667496e127e656262.zip,0,none,train
61caf33a9953d5edffaf.zip,0,none,train
fc2fdc8153e53fc83eac.zip,0,none,train
412563fbbfa320415f57.zip,0,none,train
50048266624ba262bbe7.zip,0,none,train
1d2278c6fc4b80c7e280.zip,0,none,train
056871f755d787de68c6.zip,0,none,train
6611426a7b0840751914.zip,0,none,train
23a7cc95010507fa46d3.zip,0,none,train
9076c8219ab38fd8e000.zip,0,none,train
b3865eb634ec2e8ecbf6.zip,0,none,train
1e4693bf194e77bf80b9.zip,0,none,train
recent_6529cae1566c486d0839.zip,0,none,train
84a757ded00c5e4b65df.zip,0,none,train
1f21d5fc0cce5f55a80f.zip,0,none,train
66c40ad3751d94f93c0d.zip,0,none,train
d44689f72043b0fbdf28.zip,0,none,train
9fd1c3b6142bce0c6d38.zip,0,none,train
60826cc7ca0ae74f2a31.zip,0,none,train
0d60e4ab2b4c21c03bec.zip,0,none,train
eee764ba6f41428f7d7c.zip,0,none,train
762c78ff23b7269f8ad0.zip,0,none,train
86d6f0e1d3af7195499e.zip,0,none,train
2e0d0491aa831aede7b1.zip,0,none,train
28f27ba3ae151420a7fd.zip,0,none,train
1c9a12abe93efdcb774b.zip,0,none,train
16f3bf82457bf739e0f2.zip,0,none,train
c975a6cb86c3409e14e3.zip,0,none,train
da47a5328df36e6869d6.zip,0,none,train
recent_0501bed4067ea9365d6a.zip,0,none,train
226048d1166a6bca699f.zip,0,none,train
079c59d36f63435ac3c5.zip,0,none,train
8e84ba34c73c15e8603c.zip,0,none,train
1308ce0f75281fef35af.zip,0,none,train
c3a555f29a649f9a9bc3.zip,0,none,train
71241c9cb966888d5625.zip,0,none,train
9386b3e5ca3bdb90659d.zip,0,none,train
dada0caa30227dbf85df.zip,0,none,train
f6e8f6c2e2d84bc46ab1.zip,0,none,train
5f61fe1c8cae65f182a0.zip,0,none,train
5ad1c143cf25bac577ef.zip,0,none,train
04f65376c72264283bf6.zip,0,none,train
99d4fbf68b7129b370a4.zip,0,none,train
a30e7e6fa9d0fae6eeed.zip,0,none,train
ab9336f698e3df41b811.zip,0,none,train
dac9b02ab1fe96361207.zip,0,none,train
4586bf319d310b30b93c.zip,0,none,train
c1590e679fa92546153c.zip,0,none,train
e290596a4ef5fc77748b.zip,0,none,train
485b1d9b7e1e7594e858.zip,0,none,train
921dd01aea2fa7f902a9.zip,0,none,train
58818cbda62291161d75.zip,0,none,train
33f28aa8e986cb662998.zip,0,none,train
c5c26e80be5b051b16b2.zip,0,none,train
2d7c53523802bf6bb34e.zip,0,none,train
55201fae68b986efe66e.zip,0,none,train
4a01b23e0f252050e40f.zip,0,none,train
a7f276005c425386d332.zip,0,none,train
1ff5c8dcf42ae59c5c84.zip,0,none,train
042d6cc02b27c165d606.zip,0,none,train
e1e4027dfb624ef1f038.zip,0,none,train
a3c48c60a28c912ae140.zip,0,none,train
bca63974e5a35722a931.zip,0,none,train
9cc3d339e0562ec671bb.zip,0,none,train
78ecb600236b8b8aa556.zip,0,none,train
0c0ed9deab71aa304301.zip,0,none,train
35c08cadbdc3e244e866.zip,0,none,train
efb673b83980fe806ba1.zip,0,none,train
3663374b3486c1c48a7c.zip,0,none,train
c1b3f828e1e315aab7c4.zip,0,none,train
8e99bdf3c7257e5ba99d.zip,0,none,train
459ff9d86436d6908f72.zip,0,none,train
cf6c3ac2a4937dbd6fd7.zip,0,none,train
9552314c3da79764e7da.zip,0,none,train
bdb465b61d15e6596cfa.zip,0,none,train
c6fa16127e3ed367122d.zip,0,none,train
a2159e9c0a147025b517.zip,0,none,train
b16f426b524ffebb981b.zip,0,none,train
6cb4023d8c6798e9d6a8.zip,0,none,train
ce4aed944d3e38796b06.zip,0,none,train
8db5ce95d051cbc58841.zip,0,none,train
95a636c2b3af0bc69cc0.zip,0,none,train
d1ade427d9c9f67f52eb.zip,0,none,train
58a6547bf5416b30cc17.zip,0,none,train
4963e6b73b7c397d44a5.zip,0,none,train
8ac2937526b3569cff78.zip,0,none,train
9b42bba6089d4d1a2098.zip,0,none,train
fcdf9f433e03edee99a3.zip,0,none,train
9467d5517260d285bff2.zip,0,none,train
4f3a05ca209d0f0ca27f.zip,0,none,train
471427968ff51f847e49.zip,0,none,train
4d22afde447a9ff317aa.zip,0,none,train
0d943ae341808e9e0225.zip,0,none,train
ef12aa289a6d744cccb7.zip,0,none,train
fab6619782460231e560.zip,0,none,train
62b0303d06a6c3be5cef.zip,0,none,train
b9339283698ca7a3ae87.zip,0,none,train
7cc59a1e10799150e170.zip,0,none,train
144ce731dad8fd9c4811.zip,0,none,train
4ec8dc0dc69b514cf80d.zip,0,none,train
7a533d2d794d68fd23cc.zip,0,none,train
7aae72fb983dd8722c57.zip,0,none,train
c02a43eeda0f83df11f4.zip,0,none,train
1064fe5e8d30a0112b06.zip,0,none,train
ec34380247ab4d0d5b7d.zip,0,none,train
f4fcdd2bb8f59b4d9a4a.zip,0,none,train
99dc64e8bf71e343e7f0.zip,0,none,train
62357e81519261c8da2f.zip,0,none,train
f1b9234bdc2070bd6b15.zip,0,none,train
ce87076b4706b655eb77.zip,0,none,train
ce7bb84ecff7769f1385.zip,0,none,train
028a62d10dcc4d4a3bfc.zip,0,none,train
4a0e2649f89e11121ffe.zip,0,none,train
abfc183c5c15c82d713c.zip,0,none,train
6e0ce8f0692ce9ed55dd.zip,0,none,train
082d49b478dbc76f27aa.zip,0,none,train
1e129c464056aa819401.zip,0,none,train
4ec30c15bf022fa250a3.zip,0,none,train
72fb9a8fb8ec1ed4d100.zip,0,none,train
3468c0d07e4c2f057db3.zip,0,none,train
ba956ed493586be5a492.zip,0,none,train
50e7bfdb738242be135a.zip,0,none,train
8e0617c11485daf8c7de.zip,0,none,train
6b9cbfae52ce24d1a9bf.zip,0,none,train
ef23b1e36652405bd62b.zip,0,none,train
8abab8ea5ebd80762f23.zip,0,none,train
8de112b105af427d2fab.zip,0,none,train
e2f0d2243a95db379dd7.zip,0,none,train
fb543df663f941e4135f.zip,0,none,train
1bd417d4d259d8496e0f.zip,0,none,train
ce9a556d4e557266f580.zip,0,none,train
32ea7371dfd229c7f299.zip,0,none,train
f5a162e3c1612e1cda4f.zip,0,none,train
401ed1f3ee9351fe1ce5.zip,0,none,train
c7b6251cc7f1589b5bbe.zip,0,none,train
03a27da244b9eaa7e87d.zip,0,none,train
e78d5d50086977aa8c09.zip,0,none,train
3ecbece0b7f9787dbd30.zip,0,none,train
9ce04790ad69a59167c8.zip,0,none,train
7b8188b03843981298ad.zip,0,none,train
e2bfe4314274afa8f967.zip,0,none,train
b660e50082b1abace07e.zip,0,none,train
d2bbacfa1d7c456ec060.zip,0,none,train
2b528e876b772217e575.zip,0,none,train
20e29f665bceb581fd89.zip,0,none,train
b18ec52543661257a457.zip,0,none,train
11f4ce447d2dbddd1aa8.zip,0,none,train
9a988bdf9928898db2b3.zip,0,none,train
67113fef18ba5c671293.zip,0,none,train
9b43819456c6dd5ccdf4.zip,0,none,train
04cc7f4d2890a99937a0.zip,0,none,train
43c99887217be65ada47.zip,0,none,train
95020e844674014b603b.zip,0,none,train
d8060d92485b5615b1d8.zip,0,none,train
ed6f3dd50ce2576cebb1.zip,0,none,train
7c67fa23010c492d564c.zip,0,none,train
fb09a9385befff5d558e.zip,0,none,train
41485557dca4ad28660d.zip,0,none,train
52623ac71afe3c943329.zip,0,none,train
b4cbcadf8a5511442ff1.zip,0,none,train
29bbebd90fe45bdbe9b6.zip,0,none,train
2566b30fc9c70a17eb4a.zip,0,none,train
fd22b64aa65e1df7a3f4.zip,0,none,train
d4770fee35fab590b415.zip,0,none,train
1126bfa22faadc9f8cff.zip,0,none,train
b7874f517494b59104fe.zip,0,none,train
0cf4c4fd920f6453018b.zip,0,none,train
d0cb6bde75e559ac930f.zip,0,none,train
3795529b04e49aed7b8a.zip,0,none,train
8f3f8ecd6193a0218a87.zip,0,none,train
10030b7aabe7b1ca7894.zip,0,none,train
538c0926f4c21fa778a5.zip,0,none,train
b702df7bbc0e4c8c6596.zip,0,none,train
1acffdc08142af105e0b.zip,0,none,train
0e143bc1d4663fbc584a.zip,0,none,train
dfbf6a4dedab553c6fcd.zip,0,none,train
a02b2396992c8b00a2b3.zip,0,none,train
73747a579c13ac5204e0.zip,0,none,train
55d4dfe6fd4755081c1d.zip,0,none,train
8fbcef4297577f5d5d2d.zip,0,none,train
22a4be66c126c4858141.zip,0,none,train
357e1915a40a238e9710.zip,0,none,train
2e56bf85bfea93331b64.zip,0,none,train
603c0269985ef157dce4.zip,0,none,train
f8223bb9414f15eb0224.zip,0,none,train
6f4f53023dc4e63a93a7.zip,0,none,train
14e23283f33cba5f250d.zip,0,none,train
8118796b338e9def9d0d.zip,0,none,train
e77305993d574d20b19f.zip,0,none,train
a149790aaf7bec0d7641.zip,0,none,train
996b40df2e6b98362fdb.zip,0,none,train
6518a14ba1ebb261db7c.zip,0,none,train
808b5822c3ce36a8391b.zip,0,none,train
bf84e2692e1e7cbf8dc8.zip,0,none,train
db40ead34fc69edac1bc.zip,0,none,train
c5bb45e0dd08157276a0.zip,0,none,train
161f2a6ecf64dcbbc161.zip,0,none,train
a038fe2b7239bfaa0b93.zip,0,none,train
a76c2d7cb4edef36b1ca.zip,0,none,train
14c5eda6afe6fd71a01a.zip,0,none,train
5c7a671efaf10c58080c.zip,0,none,train
95d50449756dcfa309cc.zip,0,none,train
dab65df752fbf759ca49.zip,0,none,train
0b921ff722c10b05805e.zip,0,none,train
7aa7201764d379c323df.zip,0,none,train
9fc0dda61ead8eac9c05.zip,0,none,train
a795ece752bc312a0b6e.zip,0,none,train
151bf1b809359213998c.zip,0,none,train
86a8a87f0c23d91c8156.zip,0,none,train
f34ea152fecd7b9bec38.zip,0,none,train
8963ebb5788b41f93208.zip,0,none,train
126648a48b4318f94061.zip,0,none,train
80c52190a88bb2e39696.zip,0,none,train
45c2e6ebf15e47d8df5e.zip,0,none,train
34c1e3f60aaf24612ceb.zip,0,none,train
85dac3ce3c642a66e139.zip,0,none,train
a4ef81e82918d21f809e.zip,0,none,train
a56c5e8dfbf05c16d53f.zip,0,none,train
c2e20f3dd44510af2ba0.zip,0,none,train
0987192579570696cf75.zip,0,none,train
42bc7a02ce5f9af0665a.zip,0,none,train
ddefd5147f08c252d052.zip,0,none,train
b3c32900c2b33ff3820c.zip,0,none,train
9d82c144f6cde505b8ac.zip,0,none,train
242b353275230ec218cf.zip,0,none,train
123d01dc0f29d751ae48.zip,0,none,train
009d07146a543532ecce.zip,0,none,train
7d712c165fc30de0cd47.zip,0,none,train
71e43424129b7cca41c1.zip,0,none,train
0ad3bc7205574295ff1f.zip,0,none,train
33adce92ae32e4076b05.zip,0,none,train
eaf9403c4412aca8523d.zip,0,none,train
54ba437ef06386043eae.zip,0,none,train
e600465e10f9ae577b14.zip,0,none,train
9eb9247225214cb39c2f.zip,0,none,train
a8f97b039a6a2e7e538e.zip,0,none,train
d690e5a1bc4d53a10dbd.zip,0,none,train
8e1ea9a375ddc0513096.zip,0,none,train
3a55523614dd7788d5db.zip,0,none,train
417c8fd001abb4c8822c.zip,0,none,train
cc4f87159e3da8b3289f.zip,0,none,train
3d1174e9f94c1da2f019.zip,0,none,train
19c5a07c3523e8fe4c7f.zip,0,none,train
15ea4a39298c52f5e522.zip,0,none,train
e4291bf78f6888acf4ad.zip,0,none,train
726a8b7b87c7aab20c1e.zip,0,none,train
8f3f90e523d004b8f8a8.zip,0,none,train
8895fc0294471b0893b4.zip,0,none,train
0aad65ae475082422928.zip,0,none,train
e3ee07b2f1a884c5e290.zip,0,none,train
93bfa9e434b5164320e1.zip,0,none,train
a12c48eebd2f4b86535f.zip,0,none,train
a7ca1f6ca408c5cbe644.zip,0,none,train
43a45fce6f7d5c29ca52.zip,0,none,train
f670ae5ddf3bd0aedabc.zip,0,none,train
1876e1d1b283301a2cf2.zip,0,none,train
5bb33fdbe22a32648579.zip,0,none,train
b5a05a631a42e010d8f9.zip,0,none,train
84dffd306e8bbdf1c1ea.zip,0,none,train
4a6ea3da9f851dc79427.zip,0,none,train
da64da94f29f77d0e84d.zip,0,none,train
f51ed9d762f0d202c4d1.zip,0,none,train
3e5945dec2f31e2ff5d5.zip,0,none,train
043ca8866d4a51e7764a.zip,0,none,train
8d072d9539ad76f6ef4b.zip,0,none,train
065abf85e00db548c867.zip,0,none,train
a5badce3c1ac24eb6308.zip,0,none,train
b91e8d68481d4c5ce3ce.zip,0,none,train
63b0e2c0d841b7901f8d.zip,0,none,train
a734593c77936643b662.zip,0,none,train
e5f334add3d5e4bc9529.zip,0,none,train
4c94621cc9f0ad998411.zip,0,none,train
bd02932226be344c6bcb.zip,0,none,train
a4d70b9ac0267ec0b2d0.zip,0,none,train
b1311112cb1443cee1c2.zip,0,none,train
6a12405e63bf804ab04a.zip,0,none,train
9aeadffb5b70f36e292b.zip,0,none,train
e4fa7532ca89c32765ab.zip,0,none,train
d084edbc5721eaff2cd0.zip,0,none,train
06ac5badb2f6af53d1f6.zip,0,none,train
1f77ff2226d825803c4c.zip,0,none,train
30be200d5895c938e576.zip,0,none,train
a2c0b0f8029e88ca6b62.zip,0,none,train
e8b7ced1b04cb3e97a26.zip,0,none,train
db84ccbddfc53daa0a62.zip,0,none,train
ebedfdc9aac1052cd3ee.zip,0,none,train
9f420824ec0cad72ccf7.zip,0,none,train
fd40377234f6b0c0979a.zip,0,none,train
604e06ca9201d1f6db2b.zip,0,none,train
1ad7a1376b82faad3fd1.zip,0,none,train
813b829ed477bcad6aae.zip,0,none,train
c5952e92774cc23111f9.zip,0,none,train
886cb2a28cc6804ef64d.zip,0,none,train
ae27a3558b4183c05e0e.zip,0,none,train
c08891e6d407613514f3.zip,0,none,train
37e6f6417cde7df12503.zip,0,none,train
7e02acf41bf4e7dee1fe.zip,0,none,train
efe4e6e031ef557c1d8b.zip,0,none,train
8d08d92cc136cc053c9c.zip,0,none,train
db433b3832ee4092a03b.zip,0,none,train
cab25a0b45b5d23c8a87.zip,0,none,train
7178d17953354807ed72.zip,0,none,train
f2ec63f4c642fb4b27ca.zip,0,none,train
9515e970a8e4079abc62.zip,0,none,train
a05674744713744a5ea4.zip,0,none,train
03e2375c447fe5f79835.zip,0,none,train
163c590fe165dc245b66.zip,0,none,train
3e7dcd3b730bf22e787d.zip,0,none,train
3279b42f4eb839c19f4f.zip,0,none,train
d63801486c4b76f7454b.zip,0,none,train
caa66675f6574ba2295a.zip,0,none,train
be86f4b8a3535387ebd4.zip,0,none,train
ca7946bc47344e9d6cdc.zip,0,none,train
fbcf6210e803c6880908.zip,0,none,train
22df1fef45edffe541e3.zip,0,none,train
14b0c3d3da7d6fbc9403.zip,0,none,train
cc9c8d0b5e248c8df441.zip,0,none,train
facf47917812c8ee8694.zip,0,none,train
cfc21b92012a28421366.zip,0,none,train
7b5e8c7c1194b43406ec.zip,0,none,train
20f6f70a7c75b9568a33.zip,0,none,train
39ee63943e5ed6e05a2b.zip,0,none,train
61cf176930ab6f7cdd69.zip,0,none,train
42a8c5e4aa57a490a120.zip,0,none,train
de8c20027ad2162cc73f.zip,0,none,train
0661ca7ff085c73479a3.zip,0,none,train
97a718d1588ed3471182.zip,0,none,train
e8559fca57ec5c5a81c1.zip,0,none,train
d7f01cce28fe133062ff.zip,0,none,train
66574243f710a2291861.zip,0,none,train
4663c2591b36e3eabfdb.zip,0,none,train
092bcb3aefa46a856f31.zip,0,none,train
5de1eb4c8c7edfef435d.zip,0,none,train
1b9d566ca2c43bb8662f.zip,0,none,train
e104807d9f850185a28f.zip,0,none,train
1e9f94759b7f7872c0eb.zip,0,none,train
03aaf3495ebc6a8adfc6.zip,0,none,train
65042da29f0b9d1c72e6.zip,0,none,train
0a1b791bcdb79938c7bc.zip,0,none,train
233cce296843336115c7.zip,0,none,train
6c4b8a25ec2ce4df1a43.zip,0,none,train
6529cae1566c486d0839.zip,0,none,train
8778d0d6e6137a745648.zip,0,none,train
d5d289aefd3c9a6a9407.zip,0,none,train
a734b24ab990f21ec016.zip,0,none,train
d1e843217520a8667d0f.zip,0,none,train
da0b7ae20e9acb95272a.zip,0,none,train
c4342390a641352c53b1.zip,0,none,train
f041c31f0b665f232b7b.zip,0,none,train
37115e40bc7e9750b504.zip,0,none,train
a11f4521d5a5466b1dd4.zip,0,none,train
2bb6360f421116e4d461.zip,0,none,train
0514584f970c6cc46544.zip,0,none,train
53cba51776f65f642146.zip,0,none,train
f9c86d42dbe3b4b34020.zip,0,none,train
2d448e3cdcaf941c910c.zip,0,none,train
068807794cf4ccab99a9.zip,0,none,train
9965a7a88db755b253f2.zip,0,none,train
5b80200a1a58389a1da1.zip,0,none,train
dc8f2601caaaca0c9b58.zip,0,none,train
fc02e9d821b8b12f646a.zip,0,none,train
8d73bdf59d893eb33f52.zip,0,none,train
815912ce23517c3fd345.zip,0,none,train
df5c5032db984c1b85d1.zip,0,none,train
d8d677682299e5c0dac2.zip,0,none,train
f962ff7a2e7d4c42c1b4.zip,0,none,train
a14612f20277760a933b.zip,0,none,train
1bfc9a7bf37068abded4.zip,0,none,train
c3368541abec527ee19a.zip,0,none,train
a55e4253a4b9a214894e.zip,0,none,train
db587c15a154d113a1de.zip,0,none,train
b41e0239c16a0f027127.zip,0,none,train
bad7960c008bbd6264ce.zip,0,none,train
1aba76e7dc6f2b9b75e4.zip,0,none,train
eb4c80027a05aa205824.zip,0,none,train
64d05e2b4070dca24a47.zip,0,none,train
da435aa17744f95e7e35.zip,0,none,train
1240efe4d565fcc5a34a.zip,0,none,train
75d7cc9bef14876bd6d4.zip,0,none,train
recent_e23585aefbb887977440.zip,0,none,train
0af8bde770245e352123.zip,0,none,train
19deac76d4af6bcfea78.zip,0,none,train
4b902ecc5ea147070115.zip,0,none,train
26a706f0060a2c8c6871.zip,0,none,train
f18bf1deb8c9b9bc7fdb.zip,0,none,train
01bf184bb7d9642c9155.zip,0,none,train
d1051f25e7d6795e3000.zip,0,none,train
d868867df0dd5e484b7b.zip,0,none,train
580f5cab7cb5a7dd0a52.zip,0,none,train
322c10cd338907a2e6f0.zip,0,none,train
b7530873b3e7fbcd62ef.zip,0,none,train
e16d926d4137838ca623.zip,0,none,train
b52b5fe3360b82f286e5.zip,0,none,train
f0f1b3abdad0561357b1.zip,0,none,train
7ddb5dec07a76371efa2.zip,0,none,train
41eb968d7f518a500522.zip,0,none,train
dd0bb7d8d41b8fa297e5.zip,0,none,train
3399989cfbaac8712042.zip,0,none,train
19d96232a9aa7f555674.zip,0,none,train
5c06b97de91d211a0e6a.zip,0,none,train
819e48ee248b477aa93d.zip,0,none,train
fe6c1c814f6e062cb3a5.zip,0,none,train
f09787e9f6686cf6045b.zip,0,none,train
6d3fb4f6928ad7f0cbf8.zip,0,none,train
bed6e6e1c1df550de14c.zip,0,none,train
6045bba51fadeaf3f722.zip,0,none,train
e8227082ac56dbb94b35.zip,0,none,train
19860eff9f2b9d4e4708.zip,0,none,train
4b39a23883dfe950c346.zip,0,none,train
c309debcf994445de5cd.zip,0,none,train
ef799fbe4f1e42fbe2a4.zip,0,none,train
877ee93b14041a5d4e1f.zip,0,none,train
59b13e600b9c34f00bb4.zip,0,none,train
2277a853f2aebcf0fef9.zip,0,none,train
7bf3564f5503bac8a202.zip,0,none,train
1877ff849fe810fec969.zip,0,none,train
997a3a1a8b0f45d2f912.zip,0,none,train
ca9000adfbe82a8359d4.zip,0,none,train
2467f59504cc7e882e59.zip,0,none,train
b5acaf13f6c18106adc2.zip,0,none,train
3671e1089d63d1325e09.zip,0,none,train
38fd4f7535afd36236c2.zip,0,none,train
e950344ac24cc48b9cd3.zip,0,none,train
4af17612474b58b65e94.zip,0,none,train
157da1e37e16e157208c.zip,0,none,train
250d25c3c43d69f06d94.zip,0,none,train
a80a546fd0a4ca9ddc0d.zip,0,none,train
312cd23351f897237715.zip,0,none,train
f25a3d9f352638831976.zip,0,none,train
f03c6c3e5f29d0f53a98.zip,0,none,train
48b043999c5af3ddd747.zip,0,none,train
aebeb7bbc17c81ed4f18.zip,0,none,train
2aea71b77b7665a8822e.zip,0,none,train
81bba5bc2596e4315d6e.zip,0,none,train
00259b1b5c35acb938b8.zip,0,none,train
1415fabb47c4c1b70d8c.zip,0,none,train
8f42c7730500febac3f2.zip,0,none,train
f3aa559ceb70d4763132.zip,0,none,train
c1baa77c6415b6b2a992.zip,0,none,train
e7c24727ab1854fffdb4.zip,0,none,train
54447799aa58fedef1d0.zip,0,none,train
888d847bd0d30948507f.zip,0,none,train
ee0b285499b5cd371a94.zip,0,none,train
3da6aa78cca77471db81.zip,0,none,train
84378b3e87ca6b472847.zip,0,none,train
914a19987cf673321435.zip,0,none,train
c710287c8fbfaeae5b29.zip,0,none,train
7e616d0455c83957b916.zip,0,none,train
800e5e6c6e24a3e8dcd2.zip,0,none,train
fa9b5ac80987141dac34.zip,0,none,train
ecde2687576b211d9812.zip,0,none,train
a0cf35a2c221cce1907e.zip,0,none,train
833b2b48c32f96f7661a.zip,0,none,train
d08ffd91104e74f22a52.zip,0,none,train
6e220251cda982725552.zip,0,none,train
8ccb1dd51daedf068f17.zip,0,none,train
7311b99f21c122d90b62.zip,0,none,train
e094f2cb67cb71e05362.zip,0,none,train
67844290f8e8e057736b.zip,0,none,train
d84ab5b6e02be44975bf.zip,0,none,train
6ac255359ad6ed09889d.zip,0,none,train
995275ad6d0854f9d02f.zip,0,none,train
ed629922474fb203e2f3.zip,0,none,train
5fec5245c7719410a976.zip,0,none,train
116fb7d81718d5308426.zip,0,none,train
d222e4dc9fc082dbf7fb.zip,0,none,train
6ff2bb8a27c37321fdb9.zip,0,none,train
961f88598de8cb7cf50a.zip,0,none,train
b0c05fbab5d1fe54b584.zip,0,none,train
b6a400ef8ef2aab2a8fc.zip,0,none,train
d4d5d062cd1772a3f8fd.zip,0,none,train
2634897a1264736c070a.zip,0,none,train
495857c8df618b430039.zip,0,none,train
a093d65d2fa1ea4ed7c3.zip,0,none,train
b262e0a4163b40d5367e.zip,0,none,train
4a1649dc835e9e685e86.zip,0,none,train
9c7d99f385b5abcd88bc.zip,0,none,train
ebce322282a51d101021.zip,0,none,train
d3492892da636026b7ff.zip,0,none,train
8215b9c242a2a9db0115.zip,0,none,train
7c6dffd48593c53e75bd.zip,0,none,train
c4fe6350fb68827688fb.zip,0,none,train
938fbae854554b4eef14.zip,0,none,train
8cf892439fa45a9d7112.zip,0,none,train
11c97423436bf2455b18.zip,0,none,train
a20a661b6b9fd661ce58.zip,0,none,train
4c5146af21f1ce0b5c91.zip,0,none,train
634f38c09750e350a899.zip,0,none,train
da4987e23854e5ecbc9c.zip,0,none,train
d8069b5f039df207c09c.zip,0,none,train
bed911e86cbe40ce81ec.zip,0,none,train
9e77b01b59dd8916728d.zip,0,none,train
24edbb18c7f94d6eca2f.zip,0,none,train
17340800589e4310d22d.zip,0,none,train
d720c395111e4e612570.zip,0,none,train
0741249c386bd5ef3744.zip,0,none,train
d19cc3d0ce82f8c15d6f.zip,0,none,train
2d66bc1bcf9bc41c5c60.zip,0,none,train
47ddf37c1793495f7546.zip,0,none,train
38305f48109c658f00f2.zip,0,none,train
4f23d159a399f1c92d36.zip,0,none,train
49376a167f412743f6ee.zip,0,none,train
77fbe422623735de276f.zip,0,none,train
eb3c975d08bae435ff41.zip,0,none,train
dc54098fef7791d22cf2.zip,0,none,train
8426fa6bae54d76b3b4b.zip,0,none,train
e8ccf911100fc4983667.zip,0,none,train
670e0b304d924ca2c46f.zip,0,none,train
0c64cf0ea1192f12d202.zip,0,none,train
032922e952f5f67582ad.zip,0,none,train
ede390d5ede145c66d75.zip,0,none,train
d8e8fa44b727d76ecaa4.zip,0,none,train
60a27603aaba17121148.zip,0,none,train
48278288265cc767e66b.zip,0,none,train
227d60eceba9a3ceb113.zip,0,none,train
9bea91d1a42d7fb24f23.zip,0,none,train
294bc3cfaaa432056fcd.zip,0,none,train
a03969020bfb1fae19a6.zip,0,none,train
dacc13c0c1c8aee83fc9.zip,0,none,train
b498766388ee321266db.zip,0,none,train
40fae21c6163f3469f49.zip,0,none,train
9265057e141988469ed7.zip,0,none,train
392580eca380bf6cb2dc.zip,0,none,train
d128be36fc51eef9baaa.zip,0,none,train
5887c1fc2f3e414fb49f.zip,0,none,train
a3d00a70b09385aa72df.zip,0,none,train
34f1913edcd55edb8adb.zip,0,none,train
cdba1eadc8f75ec6d92d.zip,0,none,train
24fa18db9e1237f49a4d.zip,0,none,train
1c5740fc0ef7ba4ce256.zip,0,none,train
9470daf36a92812f65fb.zip,0,none,train
4b0a671b7db46ee1bfb3.zip,0,none,train
8f9381fe2dd4d17c1b90.zip,0,none,train
e488d51dfa08019030dc.zip,0,none,train
7010eba67334d45c4f04.zip,0,none,train
d25aeb2e81ae14a6b296.zip,0,none,train
d2ca7d6de6f442d32226.zip,0,none,train
dfa3a141a5135eea5beb.zip,0,none,train
25ee511f9a45725b23cb.zip,0,none,train
064d02bcc328d929c5c1.zip,0,none,train
9e1ec22726502e5f8da4.zip,0,none,train
64a29ecae85948eaf53c.zip,0,none,train
fcf9d947fd6506258a3f.zip,0,none,train
109c4a1e41fe0b7ebe96.zip,0,none,train
b784510864efa8f3ebd3.zip,0,none,train
700d3e3acd7e5ec46659.zip,0,none,train
9e2f09f3a0b8b77c19c1.zip,0,none,train
2fba91a3c49e6a07792f.zip,0,none,train
03072567a74604ef0bab.zip,0,none,train
3d345d56967d4027ee9d.zip,0,none,train
7a3c9c4f393a70cc9eba.zip,0,none,train
4906086c0c79c1d80a4e.zip,0,none,train
1dcdd87babf169c4b46e.zip,0,none,train
aa35a85b94b6e6970722.zip,0,none,train
0481f24f74bd4797dd1d.zip,0,none,train
83dc31c54679fc521af1.zip,0,none,train
e9381fa53477ae303418.zip,0,none,train
a7af69e0a640eddf47ef.zip,0,none,train
6fcdc76b7ae02edf6b6e.zip,0,none,train
fa8a3e596b3c6fe75227.zip,0,none,train
8d739e9ccf3e6638c67c.zip,0,none,train
c381744a632361227417.zip,0,none,train
22b165bcac09ae6033ad.zip,0,none,train
c7adede3fe2f9ae6fa4b.zip,0,none,train
8f5475cca9259820c274.zip,0,none,train
64f9739a2676d0aac45a.zip,0,none,train
db79c528c0ca5bf2e45d.zip,0,none,train
5dc2511f119e3bd9e866.zip,0,none,train
aee799dc2f552c3b2968.zip,0,none,train
994c4def9ef6bbc1b50a.zip,0,none,train
31f1a97c72f596162f09.zip,0,none,train
04adb4358396c3e69ec3.zip,0,none,train
590a4f8d51514b05bfab.zip,0,none,train
ee359a7e20cab3f911cf.zip,0,none,train
363a6ddfb39af629776e.zip,0,none,train
c32d6a1c0329ba7c40c3.zip,0,none,train
f36913607356a32ea106.zip,0,none,train
48cd4081e45499f425e7.zip,0,none,train
a21094a7fd28bdb11165.zip,0,none,train
4191060ffc195eee4db2.zip,0,none,train
9d03bffebd6aee02bdb2.zip,0,none,train
169ebe8f76a64fa6c09b.zip,0,none,train
b297cc0d1b858eb19127.zip,0,none,train
e3360256ac126c9feaba.zip,0,none,train
102749e85db6f5b9632e.zip,0,none,train
3f6da1f78c2df142e7c7.zip,0,none,train
fa0e8e2980bb716cfdc1.zip,0,none,train
5a7d70cac450f201c301.zip,0,none,train
15673597fe0a51d3ea4f.zip,0,none,train
d5e323b5b39d51533d6c.zip,0,none,train
dd1ca9ab8d35860520e6.zip,0,none,train
e489c061f55982de8aa5.zip,0,none,train
afc2c9560b249def0f27.zip,0,none,train
e3f76524bb7b29474c11.zip,0,none,train
792c33f7df5715cc1cc5.zip,0,none,val
444dcc100a24af85a3ef.zip,0,none,val
7d3045242448c27903db.zip,0,none,val
44b9bb4bc593aba598be.zip,0,none,val
feefd7e8fdfff3e93525.zip,0,none,val
b5e3ad616583063f7760.zip,0,none,val
19a19d15d283ca32bac3.zip,0,none,val
083a048f73cbd5844713.zip,0,none,val
54ab4bc88fb71b682568.zip,0,none,val
3ef356ec968b40a090ca.zip,0,none,val
7249a57d4ebb64fd6680.zip,0,none,val
ea269758d66e79aed713.zip,0,none,val
c0e10ec666179d2c9050.zip,0,none,val
8965e4b98e9499273d07.zip,0,none,val
bd7265e9c6c83e809687.zip,0,none,val
453c18247b8e4f26bcea.zip,0,none,val
af1259545f16b1107d4c.zip,0,none,val
118973020c38730648f0.zip,0,none,val
14428a3bbb251d480ec4.zip,0,none,val
37e20ee711dd2a46a457.zip,0,none,val
cef0e099e75275f614c8.zip,0,none,val
aa8b325a663c2e07a433.zip,0,none,val
3d3194d685ea65b6b4d0.zip,0,none,val
16477c6e1191c09bb709.zip,0,none,val
615feff2897251e4c2c9.zip,0,none,val
057a8a21841cc9cb5ae9.zip,0,none,val
f0eb85a26aa554363ccf.zip,0,none,val
2d999cab5d169a20247c.zip,0,none,val
28737ebefd4ce9e8f168.zip,0,none,val
74690996db718fa08de6.zip,0,none,val
0b9b3acb1b9674939311.zip,0,none,val
335e5593667051fad842.zip,0,none,val
8ba9d77064bb4a839c31.zip,0,none,val
8091921e02f4ea72531e.zip,0,none,val
fe37c682be67fa263be9.zip,0,none,val
0e8cfc87cd5e0ea628a9.zip,0,none,val
bc061b63c0aaab2076e0.zip,0,none,val
91de270f8b81a4ec5a58.zip,0,none,val
0a30aec56a3b4df6b707.zip,0,none,val
dae30b9859aac39a38d1.zip,0,none,val
9c40590bbd54432d363d.zip,0,none,val
452508c1fefb9657ae35.zip,0,none,val
8444245853d3f9de18f2.zip,0,none,val
6962f51391ada9f687cf.zip,0,none,val
recent_28f57ab575961ea9af28.zip,0,none,val
c5c4579d7e5451bfefc2.zip,0,none,val
eb7d84ca56c0aa8b6d2b.zip,0,none,val
90776e942d82766209f0.zip,0,none,val
2afa2b01e368e5c4f688.zip,0,none,val
a8690ae273b872e19771.zip,0,none,val
eb2d3fedcb7419e00ded.zip,0,none,val
3fd08e667f1c50944a55.zip,0,none,val
35124d8710cf3d8c0afd.zip,0,none,val
6fa1077189e77f1ce8ce.zip,0,none,val
92f96ffd125f997d8003.zip,0,none,val
2362ae1e08ed2ef527a3.zip,0,none,val
d60ca52c30bae0f8861c.zip,0,none,val
4ec04e9c9ebd7f637bde.zip,0,none,val
caabefa2dedde828329b.zip,0,none,val
3373904e99d0bf35fc21.zip,0,none,val
6d1b8d6471c0a4e247b3.zip,0,none,val
90b5875d12b0d0bc890c.zip,0,none,val
8cb1e15b80c63a13c589.zip,0,none,val
ebe5b95c6dc095741a77.zip,0,none,val
c2de4ffe9bc96904561d.zip,0,none,val
88b7162f88334d12ea10.zip,0,none,val
e870c8c6c71785e4f3af.zip,0,none,val
df64a9584efac945dc55.zip,0,none,val
5f516236b1a7f345da06.zip,0,none,val
4321008d8f66fe03fa1c.zip,0,none,val
60017c66619376bd7d1c.zip,0,none,val
75b188d3619dc441b804.zip,0,none,val
cf780413b7a1c676abe4.zip,0,none,val
bff9b46b1649f0525369.zip,0,none,val
1ca09cac4cddd16f559f.zip,0,none,val
181040d69445cc415a2a.zip,0,none,val
ef5c006d1b6704740495.zip,0,none,val
4c40a11a1226f59ec7cd.zip,0,none,val
aac2fab2e58dddee42e5.zip,0,none,val
2f8e1019ff5e21dc6c5f.zip,0,none,val
a7bc5918f89c6ec766ef.zip,0,none,val
c742d2ac11b02f320b07.zip,0,none,val
9d6b025b169e4a5357f9.zip,0,none,val
642ca6ee2ebfa1f8ac87.zip,0,none,val
91bc5e4f6e6654c1a9f0.zip,0,none,val
9e3bb415332800865340.zip,0,none,val
87e3567b8848ba786e22.zip,0,none,val
da4833a3a1dda44b8100.zip,0,none,val
ff6eb86202bb66460d87.zip,0,none,val
365f871b2512406308b4.zip,0,none,val
42f1f2527ae7c7579182.zip,0,none,val
d50853c947850a3ff260.zip,0,none,val
0c61250f3141baaf5b74.zip,0,none,val
e7ef532c8145a3590bd0.zip,0,none,val
bb2ece696d74f1251bae.zip,0,none,val
cf14e476cc608361ed2a.zip,0,none,val
412e41d4dcaebe85652e.zip,0,none,val
183a600e5807b40c97d4.zip,0,none,val
d304c0586d5d61598ed2.zip,0,none,val
fe49d603ef2e146511ca.zip,0,none,val
ed605c51fe6e5c49609e.zip,0,none,val
4ce7e07112af4d7735cf.zip,0,none,val
6958f8f1349550ee4e34.zip,0,none,val
b6c10d529e832240e457.zip,0,none,val
80f6a67aa0282abe0920.zip,0,none,val
fa3cceac6cd95a0dbb19.zip,0,none,val
1232315cde33ef630c98.zip,0,none,val
a1f20dc097c1ed98c4b3.zip,0,none,val
5830e9552315a988c852.zip,0,none,val
8cd31ed325e997a76dff.zip,0,none,val
484715276df8a0a39c6a.zip,0,none,val
35f95f16045dce9b1b1f.zip,0,none,val
b73098233c46a1ba621f.zip,0,none,val
022c96fbeedce37e73b9.zip,0,none,val
b0f2a1d7234b872b46af.zip,0,none,val
94e559dd8ab20b4e0879.zip,0,none,val
8f8e23346ecd72c1f586.zip,0,none,val
2199c2f79655ca13dc8b.zip,0,none,val
e6250e848e56c7109e7f.zip,0,none,val
120264451d213e647db4.zip,0,none,val
4f728efb2b0d420d3e69.zip,0,none,val
ee5d5ec41a7304edfdbc.zip,0,none,val
a0fe984d89805965f654.zip,0,none,val
3a502646c40efb5c7261.zip,0,none,val
e4bb6326a87dc7edc280.zip,0,none,val
d5000162adfd58d1157d.zip,0,none,val
edc06cfdeebc25aec526.zip,0,none,val
d911698210049fc341a7.zip,0,none,val
9d19256d90e2586c059a.zip,0,none,val
d8855ac9b9ca219240e3.zip,0,none,val
c04e9dd3de13bf6362d2.zip,0,none,val
eb064d4ef2b5a82eb882.zip,0,none,val
1e12f9db9842a221dc8c.zip,0,none,val
8f610b45f2e06fac5e8a.zip,0,none,val
7faa30eeb2487b1d3f04.zip,0,none,val
ce10df51bf1eda48756d.zip,0,none,val
fe2d514ed2e56635ebf6.zip,0,none,val
500a794d5401c28c1dd7.zip,0,none,val
36f8a45ad6cb951de84e.zip,0,none,val
72d48b408ea69b916e9b.zip,0,none,val
4650c88b800abe2426b8.zip,0,none,val
b34f667b6de8523962ca.zip,0,none,val
b97971f6bbf719e5dbd6.zip,0,none,val
543d04cd63c5244680b8.zip,0,none,val
717f2f7e40ce2a8402b5.zip,0,none,val
d6c4d19e8ab26b20697b.zip,0,none,val
4a697e28fd056c7953a2.zip,0,none,val
d3ac70c5df732ce13b73.zip,0,none,val
e63a049851274c740263.zip,0,none,val
1662771bf3463cb502ac.zip,0,none,val
13c725349897b06704c0.zip,0,none,val
476037df855ef30e3dba.zip,0,none,val
0cba66e78ddaeecfdd46.zip,0,none,val
f8e7ab12d23e7ccda05b.zip,0,none,val
53afd04eb981342d8a65.zip,0,none,val
bef26c800ce9dea54ea6.zip,0,none,val
1e9c31ce0eba2100d416.zip,0,none,val
00b3e756e22e3c63312b.zip,0,none,val
2b0794b59b95a113b13c.zip,0,none,val
2483d7186d741cf2d31c.zip,0,none,val
4d7e68125667c1d33c30.zip,0,none,val
d272628706a7ad5c4d28.zip,0,none,val
67d216b3453e89a84439.zip,0,none,val
184734a04237c876b17b.zip,0,none,val
a027f3936f4d19f485c1.zip,0,none,val
0acadeeb32b7a7226d3a.zip,0,none,val
a4e9930a173791aa52e4.zip,0,none,val
0b5fdad7754d2354340c.zip,0,none,val
5169deaf58d7c3e4f40c.zip,0,none,val
bddf7052a6a77cb1e9c0.zip,0,none,val
c995b8886816ed42e207.zip,0,none,val
e10a4a205f667f84a5ff.zip,0,none,val
1b627cf122883a568c09.zip,0,none,val
9d91a29fe9093b46994e.zip,0,none,val
889ccecbf81cd04bcc4d.zip,0,none,val
3043ab7e4cc1514771e9.zip,0,none,val
f2469edeb2f1868f2d1c.zip,0,none,val
d9c6c3763565792feec4.zip,0,none,val
279922672c58da7651e5.zip,0,none,val
59ab60b9f3c5b4ecdaba.zip,0,none,val
3e89e31fa3c0d53a9093.zip,0,none,val
323bb6c8680d18e58047.zip,0,none,val
10201b40e46b6c1ace22.zip,0,none,val
91553c03958cfcbe5c8a.zip,0,none,val
4ccf99008d4c6a66ad36.zip,0,none,val
a60b5dac7148fdb49878.zip,0,none,val
337cc4feb178518a18cb.zip,0,none,val
caaaeac39982a61cfcc5.zip,0,none,val
d7a83959e2b32cd94b24.zip,0,none,val
3e6a4a5921e87f7bac71.zip,0,none,val
300b235ac55ab1ce23e2.zip,0,none,val
b056be18769ec768d226.zip,0,none,test
9782edd453dbfabdda8c.zip,0,none,test
3ae8556f6dfd8a0d5b6c.zip,0,none,test
2bb2d0e12b0238d71a43.zip,0,none,test
b5ce5f588420c3eac43a.zip,0,none,test
bd09614115a2f18c79de.zip,0,none,test
0e452f19eba7af0e50ce.zip,0,none,test
5e2a3354adbd7b2abdca.zip,0,none,test
51c4d07295fa65035fba.zip,0,none,test
3f8f4146f8c804d2cbc7.zip,0,none,test
e322eff9fbf75748d761.zip,0,none,test
4848d285e9b0b4eea05d.zip,0,none,test
f4989b4262700d7796e1.zip,0,none,test
c0d30a31bd193e5b2cbf.zip,0,none,test
cdb31a3671096647a59c.zip,0,none,test
c8770d59ad8eb9f6b4f1.zip,0,none,test
390194a1a39a6222af8a.zip,0,none,test
3b71c1bf07f92d83e542.zip,0,none,test
0087c6a68c9dafee534e.zip,0,none,test
9ea35812009722e51bb0.zip,0,none,test
50de59477a91bf880699.zip,0,none,test
e39609faa71c659305a9.zip,0,none,test
9e570cf5568bddf72c6b.zip,0,none,test
dc3332af89ddb61cd041.zip,0,none,test
15b9f7098de5762f0a86.zip,0,none,test
823907a89ec347fec5ad.zip,0,none,test
eca1e1d1e9d3211fe6e2.zip,0,none,test
1ba194d181eaca18df3a.zip,0,none,test
0830f3711c15560b020c.zip,0,none,test
3cb3bed617088fbbed37.zip,0,none,test
1f5dea062afc814e9566.zip,0,none,test
eeb8154caf6546c65b5f.zip,0,none,test
e9aa5c0c52348844a3b8.zip,0,none,test
e08e97fc49ff9dde2a9f.zip,0,none,test
61f311b0e7c887ddb649.zip,0,none,test
dde58b320db951c637bd.zip,0,none,test
c13f29931483df94a320.zip,0,none,test
66e47e0816d04089c407.zip,0,none,test
072e30bbf2bb844cb0b9.zip,0,none,test
c5c640dd7343a0243ba8.zip,0,none,test
50173425246c4fd20383.zip,0,none,test
f2b2b53390fd82309f57.zip,0,none,test
05bd72b5958eccfabf5a.zip,0,none,test
recent_d1e843217520a8667d0f.zip,0,none,test
fee147c0dd826d2989ae.zip,0,none,test
1b168cec247028a7a7b3.zip,0,none,test
344fc17d0cb8f48a6b8a.zip,0,none,test
0b93064bd1e377a52249.zip,0,none,test
516d45e1cc0817936080.zip,0,none,test
f90f2b8f6df0c5756244.zip,0,none,test
04e24cc8200a179e115b.zip,0,none,test
0ee5c4d062a80c11e208.zip,0,none,test
cac6e0410209e1d5d63f.zip,0,none,test
0fb400f23b6bcd6d16c1.zip,0,none,test
0d2a33d9e2c99af92d1d.zip,0,none,test
89b6e6856724c93068bf.zip,0,none,test
39795cf326f514f37b0a.zip,0,none,test
e4fa7e75303a3f3904b0.zip,0,none,test
8e94e764337bc3030e30.zip,0,none,test
e6a805c15be2b43d9747.zip,0,none,test
b6d560c756ae4a194ccd.zip,0,none,test
9f392a2b0600312e544a.zip,0,none,test
6d5813c76bef0cd08c86.zip,0,none,test
3624f70101f62ddb1b73.zip,0,none,test
a50084ff1459f1389d46.zip,0,none,test
edfc82ff837a2e411662.zip,0,none,test
7c705076734aa6df6cab.zip,0,none,test
9a55d550735908da4e75.zip,0,none,test
7f57f0a4f02168408edc.zip,0,none,test
f87c264dc752aed426c0.zip,0,none,test
313bb58dad725c46d008.zip,0,none,test
12bc61cd5fc42b803fca.zip,0,none,test
caa9d917db0b6586c38c.zip,0,none,test
8af2fd3f75b4e6576ba8.zip,0,none,test
8ee298af0be2d3fe17d0.zip,0,none,test
79778b70c22e09b6650b.zip,0,none,test
38318f7260d39211961a.zip,0,none,test
136531524a20b90959f3.zip,0,none,test
185a9a5e62089820d798.zip,0,none,test
bb7da074b28e01604651.zip,0,none,test
89606355d0beb18db269.zip,0,none,test
fe23191be04e6ee5ea85.zip,0,none,test
beebbef9bf1a36d0c679.zip,0,none,test
a6a594f8b66c3bf05cce.zip,0,none,test
c6e50e8b9d13a2e2719e.zip,0,none,test
e0fa3304cb2f97fbf268.zip,0,none,test
4183fb7a514dd772d790.zip,0,none,test
521fddd42b26b304fdca.zip,0,none,test
79f0b806731b9ddffd46.zip,0,none,test
cf9cb8f6422a43d80e14.zip,0,none,test
c6bc87c20d4012a8405d.zip,0,none,test
3f17036b17820d1fcfbd.zip,0,none,test
b66e4cd39e4fc6445026.zip,0,none,test
385aff87da8df16ce861.zip,0,none,test
af23efd5c37dee71341b.zip,0,none,test
c74b3399764233b1af35.zip,0,none,test
60743751dc29dc406ca2.zip,0,none,test
41e358ac349e51b6fef1.zip,0,none,test
a23080be5fad133bf331.zip,0,none,test
ce7c0255e9d1ab9e6e6a.zip,0,none,test
d89937ae3deee481e429.zip,0,none,test
2fe314b4fbe283617502.zip,0,none,test
5f5167a8d34a1637ade8.zip,0,none,test
ffc99b4897cad82e068e.zip,0,none,test
53fc3d8bef5455f1b2c2.zip,0,none,test
59d03b6b2f0bb1ca3690.zip,0,none,test
73da52b5e5a32fb54f6a.zip,0,none,test
3929f7fb2bdf7969dd2f.zip,0,none,test
95b9a6e81073592b49a8.zip,0,none,test
427a3169111b20d1fa6d.zip,0,none,test
a3cc41f3f915549e5e9e.zip,0,none,test
59292c0a2f992de68dde.zip,0,none,test
7af4fc91dc609a00472e.zip,0,none,test
2d78b93baeb235de82fb.zip,0,none,test
24acf01252890d6616f0.zip,0,none,test
9230045b7093ceafde68.zip,0,none,test
3b2b4483647cfdcdbf90.zip,0,none,test
7316a4c3cd1cf183925a.zip,0,none,test
ed6a1a205a711e5ba469.zip,0,none,test
ea45c1acbe134b483ea2.zip,0,none,test
77c243c3cec0fac1c789.zip,0,none,test
064aad5d00772325db66.zip,0,none,test
735e92a4804faf370fb0.zip,0,none,test
48361d527d3e71f9cdd9.zip,0,none,test
7de020329b6d3543aca1.zip,0,none,test
5648061d72abbadaa4c0.zip,0,none,test
7e30cf9925146e0ed3ae.zip,0,none,test
57b2fe6239ada007e702.zip,0,none,test
b98e5a8a59b21bd91a4e.zip,0,none,test
6e04fd01805f5d27d4b9.zip,0,none,test
637b7d52bd49e01a8b85.zip,0,none,test
34630c4b0000f085f7e2.zip,0,none,test
0b844df53637bf791432.zip,0,none,test
9e77fb4859148b5e850c.zip,0,none,test
2801008fe993ee82c8cd.zip,0,none,test
478d4ceff55615bcaafd.zip,0,none,test
d3affe3721878265b2bf.zip,0,none,test
058b32a7e616dcc0194f.zip,0,none,test
a42fb3b258c0169c058e.zip,0,none,test
242c252817133d6e211a.zip,0,none,test
c67bb176fe6a3375ad0a.zip,0,none,test
e2430b3aef0c2bef162e.zip,0,none,test
e4ae3895dbaa8e01ea75.zip,0,none,test
20c11785dea15c44f951.zip,0,none,test
49ee342e1771b86bd506.zip,0,none,test
45911c5b8c0fc67037da.zip,0,none,test
5eb1fcc616c714f3feaf.zip,0,none,test
7a60509c4bc3f13d4e5b.zip,0,none,test
fb64167351b2ba552f54.zip,0,none,test
fecd0573d5226e99437e.zip,0,none,test
17c61d87662f0d06470c.zip,0,none,test
3936962884f6c640f137.zip,0,none,test
1060748c3e67962975e7.zip,0,none,test
9a1ab28d64f59306aa01.zip,0,none,test
7cc3e5a166db1a8fb0c1.zip,0,none,test
43bfc07130f482d73526.zip,0,none,test
7daa476529a04576d602.zip,0,none,test
6528ec23711e27265709.zip,0,none,test
d44fa79abd7943173424.zip,0,none,test
46f805b36cc002eeca3b.zip,0,none,test
7d9115b0b32237e0f49a.zip,0,none,test
3b14a2506f82c72c548f.zip,0,none,test
d4c140972a64d7f02d4b.zip,0,none,test
d1233b87c14857e32b56.zip,0,none,test
f19d2a6cd4666a6bcb0b.zip,0,none,test
ee2f2da940b6d73878a3.zip,0,none,test
da8cdd10ec45d529b95e.zip,0,none,test
5e9074ad599733ca8691.zip,0,none,test
fb90193091cc8650af1c.zip,0,none,test
3f9d3c1d19fe95d43028.zip,0,none,test
bdf3aea50f6f50a73b44.zip,0,none,test
dccada216d6722c2957e.zip,0,none,test
68114b3589f229a1063c.zip,0,none,test
aebed1ca3f0076c6d84f.zip,0,none,test
17ec5d712c3a9627b9a6.zip,0,none,test
baa1389cc9c7c0ee319d.zip,0,none,test
94ddaa0dad8f1eb44f95.zip,0,none,test
72636f0bcdea0ab075d0.zip,0,none,test
904e6b216e0a34077838.zip,0,none,test
2ada0d545c1ba2a1e863.zip,0,none,test
7ca16d62043aa8c6b090.zip,0,none,test
a275b276c72919645ad3.zip,0,none,test
7c2d07fa3e91a404f7d5.zip,0,none,test
dcffe12fa366ec80f52a.zip,0,none,test
a98a528d55bee594f77f.zip,0,none,test
3e1ad7131429cc738bb6.zip,0,none,test
37bc1718cf4665ecb28d.zip,0,none,test
6e063f61376e00ca7ef8.zip,0,none,test
38be16184e096d283bdf.zip,0,none,test
6712ce57a75a762512e0.zip,0,none,test
f0e1c1015c4d396df846.zip,0,none,test
